Is Impresa?,Nom,Nom Lliga,Dia partit,Horari partit,Categoria,Subcategoria,Data Pagament Albara,Data Introducció,Nivell,Domicili,Modalitat,Núm. sorteig,Observacions,Grups,Email
0,EE Pegaso-Viana ''B'',FUTBOL 5 PREINFANTIL MIXT 1ª FASE CEEB,Dissabte,09:00 h,PREINFANTIL,MIXT,,2025-09-30,Nivell E,"C. Torroella de Montgri, 16-18",FUTBOL 5,5,,,coordinacio3@setdaventura.com
0,"Club Esportiu Fabra i Coats ""A""",FUTBOL 5 MENUTS|MENUDES MIXT 1ª FASE CEEB,Dissabte,10:30 h,MENUTS,MIXT,,2025-09-30,Nivell C,"C. Sócrates, 53-55",FUTBOL 5,7,,,coordinacio@cefabraicoats.cat
0,"Club Esportiu Fabra i Coats ""A""",FUTBOL 5 MENUDETS|MENUDETES MIXT 1ª FASE CEEB,Dissabte,09:30 h,MENUDETS,MIXT,,2025-09-30,Nivell C,"C. Sócrates, 53-55",FUTBOL 5,7,,,coordinacio@cefabraicoats.cat
0,"Club Esportiu Fabra i Coats ""C""",FUTBOL 5 MENUDETS|MENUDETES MIXT 1ª FASE CEEB,Divendres,18:30 h,MENUDETS,MIXT,,2025-09-30,Nivell C,"C. Sócrates, 53-55",FUTBOL 5,3,,,coordinacio@cefabraicoats.cat
0,EE Pegaso-Viana,FUTBOL 5 PREINFANTIL MIXT 1ª FASE CEEB,Divendres,19:00 h,PREINFANTIL,MIXT,,2025-09-30,Nivell E,"C. Torroella de Montgri, 16-18",FUTBOL 5,5,,,coordinacio3@setdaventura.com
0,EE Pegaso-Viana,FUTBOL 5 ALEVÍ MIXT 1ª FASE CEEB,Divendres,18:00 h,ALEVÍ,MIXT,,2025-09-30,Nivell E,"C. Torroella de Montgri, 16-18",FUTBOL 5,1,,,coordinacio3@setdaventura.com
0,"Club Esportiu Fabra i Coats ""B""",FUTBOL 5 INFANTIL MIXT 1ª FASE CEEB,Divendres,20:30 h,INFANTIL,MIXT,,2025-09-30,Nivell C,"C. Sócrates, 53-55",FUTBOL 5,7,,,coordinacio@cefabraicoats.cat
0,EE Pegaso-Viana,FUTBOL 5 BENJAMÍ MIXT 1ª FASE CEEB,Divendres,18:00 h,BENJAMÍ,MIXT,,2025-09-30,Nivell E,"C. Torroella de Montgri, 16-18",FUTBOL 5,5,,,coordinacio3@setdaventura.com
0,"Club Esportiu Fabra i Coats ""B""",FUTBOL 5 PREALEVÍ MIXT 1ª FASE CEEB,Divendres,19:30 h,PREALEVÍ,MIXT,,2025-09-30,Nivell C,"C. Sócrates, 53-55",FUTBOL 5,7,,,coordinacio@cefabraicoats.cat
0,"Club Esportiu Fabra i Coats ""A""",FUTBOL 5 PREALEVÍ MIXT 1ª FASE CEEB,Divendres,19:30 h,PREALEVÍ,MIXT,,2025-09-30,Nivell C,"C. Sócrates, 53-55",FUTBOL 5,3,,,coordinacio@cefabraicoats.cat
0,"Club Esportiu Fabra i Coats ""B""",FUTBOL 5 MENUDETS|MENUDETES MIXT 1ª FASE CEEB,Divendres,18:30 h,MENUDETS,MIXT,,2025-09-30,Nivell C,"C. Sócrates, 53-55",FUTBOL 5,7,,,coordinacio@cefabraicoats.cat
0,"Escola de Futbol Sala APC Raval (AECV) ""A""",FUTBOL 5 CADET MIXT 1ª FASE CEEB,Dissabte,12:00 h,CADET,MIXT,,2025-09-30,Nivell B,"Av. Drassanes, 8-10",FUTBOL 5,1,,,jofreroura@aeciutatvella.cat
0,"Escola de Futbol Sala APC Raval (AECV) ""B""",FUTBOL 5 ALEVÍ MIXT 1ª FASE CEEB,Dissabte,11:00 h,ALEVÍ,MIXT,,2025-09-30,Nivell D,"Av. Drassanes, 8-10",FUTBOL 5,1,,,jofreroura@aeciutatvella.cat
0,"Escola de Futbol Sala APC Raval (AECV) ""A""",FUTBOL 5 ALEVÍ MIXT 1ª FASE CEEB,Dissabte,10:00 h,ALEVÍ,MIXT,,2025-09-30,Nivell C,"Av. Drassanes, 8-10",FUTBOL 5,1,,,jofreroura@aeciutatvella.cat
0,"Escola de Futbol Sala APC Raval (AECV) ""A""",FUTBOL 5 BENJAMÍ MIXT 1ª FASE CEEB,Dissabte,09:00 h,BENJAMÍ,MIXT,,2025-09-30,Nivell D,"Av. Drassanes, 8-10",FUTBOL 5,1,,,jofreroura@aeciutatvella.cat
0,Escola de Futbol Sala APC Raval (AECV),FUTBOL 5 JUVENIL MIXT 1ª FASE CEEB,Dissabte,12:00 h,JUVENIL,MIXT,,2025-09-30,Nivell B,"Av. Drassanes, 8-10",FUTBOL 5,5,,,jofreroura@aeciutatvella.cat
0,"Escola de Futbol Sala APC Raval (AECV) ""A""",FUTBOL 5 PREINFANTIL FEMENÍ 1ª FASE CEEB,Dissabte,09:00 h,PREINFANTIL,FEMENÍ,,2025-09-30,Nivell D,"Av. Drassanes, 8-10",FUTBOL 5,5,,,jofreroura@aeciutatvella.cat
0,"Escola de Futbol Sala APC Raval (AECV) ""A""",FUTBOL 5 INFANTIL MIXT 1ª FASE CEEB,Divendres,19:00 h,INFANTIL,MIXT,,2025-09-30,Nivell B,"Av. Drassanes, 8-10",FUTBOL 5,5,,,jofreroura@aeciutatvella.cat
0,"Escola de Futbol Sala APC Raval (AECV) ""A""",FUTBOL 5 PREINFANTIL MIXT 1ª FASE CEEB,Divendres,18:00 h,PREINFANTIL,MIXT,,2025-09-30,Nivell B,"Av. Drassanes, 8-10",FUTBOL 5,5,,,jofreroura@aeciutatvella.cat
1,"Club de Futbol Poblenou 2023 ""A""",FUTBOL 5 LLIGA ABSOLUTA FEMENÍ 1ª FASE CEEB,Divendres,20:30 h,SÈNIOR,FEMENÍ,,2025-09-30,Nivell E,"C. Fluvià, 60",FUTBOL 5,,,,Johaanjaramillo@gmail.com
0,"Fundació Escola Teresianes Ganduxer ""A""",FUTBOL 5 JÚNIOR MIXT 1ª FASE CEEB,Divendres,20:30 h,JÚNIOR,MIXT,,2025-09-29,Nivell C,"C. Ganduxer, 85-105",FUTBOL 5,7,,,alvaro.aguirre.sanz@gmail.com
0,"Fundació Escola Teresianes Ganduxer ""A""",FUTBOL 5 INFANTIL MIXT 1ª FASE CEEB,Divendres,19:15 h,INFANTIL,MIXT,,2025-09-29,Nivell C,"C. Ganduxer, 85-105",FUTBOL 5,7,,,kevinparreu98@gmail.com
0,"Fundació Escola Teresianes Ganduxer ""A""",FUTBOL 5 PREBENJAMÍ MIXT 1ª FASE CEEB,Divendres,18:15 h,PREBENJAMÍ,MIXT,,2025-09-29,Nivell C,"C. Ganduxer, 85-105",FUTBOL 5,7,,,kevinparreu98@gmail.com
0,"Fundació Escola Teresianes Ganduxer ""A""",FUTBOL 5 PREALEVÍ MIXT 1ª FASE CEEB,Divendres,19:15 h,PREALEVÍ,MIXT,,2025-09-29,Nivell C,"C. Ganduxer, 85-105",FUTBOL 5,7,,,tomas.diaz.araujo4@gmail.com
0,"Fundació Escola Teresianes Ganduxer ""B""",FUTBOL 5 PREALEVÍ MIXT 1ª FASE CEEB,Divendres,18:15 h,PREALEVÍ,MIXT,,2025-09-29,Nivell C,"C. Ganduxer, 85-105",FUTBOL 5,7,,,alebala1616@gmail.com
0,"Fundació Escola Teresianes Ganduxer ""A""",FUTBOL 5 ALEVÍ MIXT 1ª FASE CEEB,Divendres,19:15 h,ALEVÍ,MIXT,,2025-09-29,Nivell C,"C. Ganduxer, 85-105",FUTBOL 5,3,,,pepeechevarria78@gmail.com
0,"Fundació Escola Teresianes Ganduxer ""B""",FUTBOL 5 BENJAMÍ MIXT 1ª FASE CEEB,Divendres,18:15 h,BENJAMÍ,MIXT,,2025-09-29,Nivell C,"C. Ganduxer, 85-105",FUTBOL 5,3,,,pepeechevarria78@gmail.com
0,"Fundació Escola Teresianes Ganduxer ""A""",FUTBOL 5 LLIGA ABSOLUTA MIXT 1ª FASE CEEB,Divendres,20:30 h,SÈNIOR,MIXT,,2025-09-29,Nivell C,"C. Ganduxer, 85-105",FUTBOL 5,3,,,alvaro.aguirre.sanz@gmail.com
0,"Fundació Escola Teresianes Ganduxer ""B""",FUTBOL 5 CADET MIXT 1ª FASE CEEB,Divendres,19:15 h,CADET,MIXT,,2025-09-29,Nivell C,"C. Ganduxer, 85-105",FUTBOL 5,3,,,joel.barcelo10@gmail.com
0,"Fundació Escola Teresianes Ganduxer ""A""",FUTBOL 5 PREINFANTIL MIXT 1ª FASE CEEB,Divendres,18:15 h,PREINFANTIL,MIXT,,2025-09-29,Nivell C,"C. Ganduxer, 85-105",FUTBOL 5,3,,,joel.barcelo10@gmail.com
0,"Fundació Escola Teresianes Ganduxer ""A""",FUTBOL 5 CADET MIXT 1ª FASE CEEB,Divendres,19:15 h,CADET,MIXT,,2025-09-29,Nivell C,"C. Ganduxer, 85-105",FUTBOL 5,3,,,miquelruiz.mr@gmail.com
0,"Fundació Escola Teresianes Ganduxer ""A""",FUTBOL 5 BENJAMÍ MIXT 1ª FASE CEEB,Divendres,18:15 h,BENJAMÍ,MIXT,,2025-09-29,Nivell C,"C. Ganduxer, 85-105",FUTBOL 5,3,,,carlos.barcelo390@gmail.com
1,Braval,FUTBOL 5 CADET MIXT 1ª FASE CEEB,Dissabte,10:30 h,CADET,MIXT,2025-09-29,2025-09-29,Nivell A,"C. Sant Oleguer, 10",FUTBOL 5,7,,,serraboujuanma@gmail.com
1,Braval,FUTBOL 5 INFANTIL MIXT 1ª FASE CEEB,Dissabte,10:30 h,INFANTIL,MIXT,2025-09-29,2025-09-29,Nivell A,"C. Sant Oleguer, 10",FUTBOL 5,3,,,mangakalvaro89@hotmail.com
1,Braval,FUTBOL 5 PREALEVÍ MIXT 1ª FASE CEEB,Dissabte,11:30 h,PREALEVÍ,MIXT,2025-09-29,2025-09-29,Nivell A,"C. Sant Oleguer, 10",FUTBOL 5,3,,,lluisbofillroca@gmail.com
0,Associacio Esportiva de Gracia,FUTBOL 5 LLIGA JOVE MIXT 1ª FASE CEEB,Divendres,20:15 h,SÈNIOR,MIXT,,2025-09-29,Nivell B,"C. Perill, 16-22",FUTBOL 5,6,,,angelpualbe@hotmail.com
0,Associacio Esportiva de Gracia,FUTBOL 5 INFANTIL MIXT 1ª FASE CEEB,Divendres,19:15 h,INFANTIL,MIXT,,2025-09-29,Nivell B,"C. Perill, 16-22",FUTBOL 5,2,,,puli110@hotmail.com
0,Associacio Esportiva de Gracia,FUTBOL 5 PREINFANTIL MIXT 1ª FASE CEEB,Divendres,20:15 h,PREINFANTIL,MIXT,,2025-09-29,Nivell B,"C. Perill, 16-22",FUTBOL 5,2,,,puli110@hotmail.com
0,Associacio Esportiva de Gracia B,FUTBOL 5 PREALEVÍ MIXT 1ª FASE CEEB,Divendres,19:15 h,PREALEVÍ,MIXT,,2025-09-29,Nivell B,"C. Perill, 16-22",FUTBOL 5,6,,,jriuda10@gmail.com
0,Associacio Esportiva de Gracia,FUTBOL 5 PREALEVÍ MIXT 1ª FASE CEEB,Divendres,18:15 h,PREALEVÍ,MIXT,,2025-09-29,Nivell B,"C. Perill, 16-22",FUTBOL 5,2,,,puli110@hotmail.com
0,Associacio Esportiva de Gracia,FUTBOL 5 BENJAMÍ MIXT 1ª FASE CEEB,Divendres,18:15 h,BENJAMÍ,MIXT,,2025-09-29,Nivell D,"C. Perill, 16-22",FUTBOL 5,6,,,jriuda10@gmail.com
0,"Escola Bogatell (FPC CET 10) ""A""",FUTBOL 5 ALEVÍ MIXT 1ª FASE CEEB,Divendres,18:00 h,ALEVÍ,MIXT,,2025-09-29,Nivell E,"C. Ramon Turró, 74",FUTBOL 5,Casa,,,ocallau@cet10.com
0,"AMPA Escola Mestre Enric Gibert i Camins ""A""",FUTBOL 5 MENUTS|MENUDES MIXT 1ª FASE CEEB,Divendres,18:00 h,MENUTS,MIXT,,2025-09-29,Nivell E,"C. Irlanda, 15",FUTBOL 5,Casa,,,coord.act@mestregibert.cat
0,"AMPA Escola Mestre Enric Gibert i Camins ""A""",FUTBOL 5 ALEVÍ MIXT 1ª FASE CEEB,Divendres,19:00 h,ALEVÍ,MIXT,,2025-09-29,Nivell E,"C. Irlanda, 15",FUTBOL 5,Fora,,,coord.act@mestregibert.cat
0,"AMPA Escola Mestre Enric Gibert i Camins ""A""",FUTBOL 5 PREALEVÍ MIXT 1ª FASE CEEB,Divendres,19:00 h,PREALEVÍ,MIXT,,2025-09-29,Nivell E,"C. Irlanda, 15",FUTBOL 5,Casa,,,coord.act@mestregibert.cat
0,"AMPA Escola Mestre Enric Gibert i Camins ""E""",FUTBOL 5 PREBENJAMÍ MIXT 1ª FASE CEEB,Divendres,18:00 h,PREBENJAMÍ,MIXT,,2025-09-29,Nivell E,"C. Irlanda, 15",FUTBOL 5,Fora,,,coord.act@mestregibert.cat
0,Escola La Sedeta (Valors IPP),FUTBOL 5 PREALEVÍ MIXT 1ª FASE CEEB,Divendres,19:15 h,PREALEVÍ,MIXT,,2025-09-29,Nivell C,"C. Indústria, 67-73 (cant. C. Sicília)",FUTBOL 5,5,,,esanmiguel@somvalors.com
0,"Centre d'Estudis Montseny (FPC CET 10) ""A""",FUTBOL 5 PREBENJAMÍ MIXT 1ª FASE CEEB,Divendres,18:00 h,PREBENJAMÍ,MIXT,,2025-09-29,Nivell C,"C. Pallars, 410",FUTBOL 5,1,,,esports@cemontseny.cat
0,Centre d'Estudis Montseny (FPC CET 10),FUTBOL 5 BENJAMÍ MIXT 1ª FASE CEEB,Divendres,18:00 h,BENJAMÍ,MIXT,,2025-09-29,Nivell D,"C. Pallars, 410",FUTBOL 5,1,,,esports@cemontseny.cat
0,Centre d'Estudis Montseny (FPC CET 10),FUTBOL 5 INFANTIL FEMENÍ 1ª FASE CEEB,Divendres,19:00 h,INFANTIL,FEMENÍ,,2025-09-29,Nivell C,"C. Pallars, 410",FUTBOL 5,1,Juguen fora de competició,,esports@cemontseny.cat
0,Escola La Sedeta (Valors IPP),FUTBOL 5 BENJAMÍ MIXT 1ª FASE CEEB,Divendres,18:15 h,BENJAMÍ,MIXT,,2025-09-29,Nivell C,"C. Indústria, 67-73 (cant. C. Sicília)",FUTBOL 5,5,,,esanmiguel@somvalors.com
0,"AEE Institut Jaume Balmes ""C""",FUTBOL 5 LLIGA JOVE MIXT 1ª FASE CEEB,Dissabte,11:00 h,SÈNIOR,MIXT,,2025-09-29,Nivell C,"C. Pau Claris, 121",FUTBOL 5,8,"Com vam fer l'any passat, ens agradaria que aquest equip jugués a la categoria LLIGA JOVE FEMENINA. És el mateix equip que l'any passat i creiem que encara no tenen el suficient nivell per jugar a la lliga jove masculina. Esperem que es pugui fer aquest canvi, òbviament sense entrar en competició, moltes gràcies!!",,aeeiesjaumebalmes@gmail.com
0,"AEE Institut Jaume Balmes ""B""",FUTBOL 5 LLIGA JOVE MIXT 1ª FASE CEEB,Dissabte,12:00 h,SÈNIOR,MIXT,,2025-09-29,Nivell C,"C. Pau Claris, 121",FUTBOL 5,8,,,aeeiesjaumebalmes@gmail.com
0,"AEE Institut Jaume Balmes ""A""",FUTBOL 5 LLIGA JOVE MIXT 1ª FASE CEEB,Dissabte,13:00 h,SÈNIOR,MIXT,,2025-09-29,Nivell C,"C. Pau Claris, 121",FUTBOL 5,8,,,aeeiesjaumebalmes@gmail.com
0,"AEE Institut Jaume Balmes ""A""",FUTBOL 5 LLIGA JOVE FEMENÍ 1ª FASE CEEB,Dissabte,13:00 h,SÈNIOR,FEMENÍ,,2025-09-29,Nivell C,"C. Pau Claris, 121",FUTBOL 5,8,,,aeeiesjaumebalmes@gmail.com
1,"Escola Els Llorers (AE L'Eixample) ""A""",FUTBOL 5 PREBENJAMÍ MIXT 1ª FASE CEEB,Divendres,18:00 h,PREBENJAMÍ,MIXT,,2025-09-29,Nivell D,"Av. Roma, 106",FUTBOL 5,2,,,elsllorers@ae-eixample.cat
0,"AEE Institut Jaume Balmes ""A""",FUTBOL 5 JUVENIL MIXT 1ª FASE CEEB,Divendres,18:00 h,JUVENIL,MIXT,,2025-09-29,Nivell C,"C. Pau Claris, 121",FUTBOL 5,8,,,aeeiesjaumebalmes@gmail.com
0,"AEE Institut Jaume Balmes ""A""",FUTBOL 5 CADET MIXT 1ª FASE CEEB,Dissabte,10:00 h,CADET,MIXT,,2025-09-29,Nivell C,"C. Pau Claris, 121",FUTBOL 5,8,,,aeeiesjaumebalmes@gmail.com
0,Escola Acacies (Acció Sant Martí),FUTBOL 5 MENUTS|MENUDES MIXT 1ª FASE CEEB,Divendres,18:30 h,MENUTS,MIXT,,2025-09-29,Nivell D,"C. Pujades, 252-270",FUTBOL 5,Casa,,,carlosvilapla@hotmail.com
0,"AEE Institut Jaume Balmes ""A""",FUTBOL 5 INFANTIL MIXT 1ª FASE CEEB,Dissabte,09:00 h,INFANTIL,MIXT,,2025-09-29,Nivell C,"C. Pau Claris, 121",FUTBOL 5,4,,,aeeiesjaumebalmes@gmail.com
1,Escola Grevol,FUTBOL 5 INFANTIL MIXT 1ª FASE CEEB,Divendres,19:00 h,INFANTIL,MIXT,2025-09-29,2025-09-29,Nivell A,"C. Provençals, 9 (cant. Pg. Taulat)",FUTBOL 5,3,,,pbragulat@afagrevol.cat
1,Escola Grevol,FUTBOL 5 ALEVÍ MIXT 1ª FASE CEEB,Divendres,18:00 h,ALEVÍ,MIXT,2025-09-29,2025-09-29,Nivell A,"C. Provençals, 9 (cant. Pg. Taulat)",FUTBOL 5,3,,,pbragulat@afagrevol.cat
1,Escola Grevol,FUTBOL 5 BENJAMÍ MIXT 1ª FASE CEEB,Divendres,19:00 h,BENJAMÍ,MIXT,2025-09-29,2025-09-29,Nivell A,"C. Provençals, 9 (cant. Pg. Taulat)",FUTBOL 5,7,,,pbragulat@afagrevol.cat
1,Escola Grevol,FUTBOL 5 PREBENJAMÍ MIXT 1ª FASE CEEB,Divendres,18:00 h,PREBENJAMÍ,MIXT,2025-09-29,2025-09-29,Nivell C,"C. Provençals, 9 (cant. Pg. Taulat)",FUTBOL 5,7,,,pbragulat@afagrevol.cat
1,Escola Grevol,FUTBOL 5 MENUTS|MENUDES MIXT 1ª FASE CEEB,Dissabte,09:30 h,MENUTS,MIXT,2025-09-29,2025-09-29,Nivell C,"C. Provençals, 9 (cant. Pg. Taulat)",FUTBOL 5,7,,,pbragulat@afagrevol.cat
1,Escola Grevol,FUTBOL 5 MENUDETS|MENUDETES MIXT 1ª FASE CEEB,Dissabte,11:00 h,MENUDETS,MIXT,2025-09-29,2025-09-29,Nivell C,"C. Provençals, 9 (cant. Pg. Taulat)",FUTBOL 5,3,,,pbragulat@afagrevol.cat
1,Escola Grevol,FUTBOL 5 INFANTIL FEMENÍ 1ª FASE CEEB,Dissabte,11:30 h,INFANTIL,FEMENÍ,2025-09-29,2025-09-29,Nivell B,"C. Provençals, 9 (cant. Pg. Taulat)",FUTBOL 5,7,,,pbragulat@afagrevol.cat
0,"The Benjamin Franklin International School ""A""",FUTBOL 5 CADET MIXT 1ª FASE CEEB,Divendres,19:00 h,CADET,MIXT,,2025-09-29,Nivell E,"Ptge. Torras i Bages, 1-5 (Sarrià)",FUTBOL 5,7,,,sergig@bfischool.org
0,"The Benjamin Franklin International School ""A""",FUTBOL 5 BENJAMÍ MIXT 1ª FASE CEEB,Dijous,19:00 h,BENJAMÍ,MIXT,,2025-09-29,Nivell E,"Ptge. Torras i Bages, 1-5 (Sarrià)",FUTBOL 5,3,,,sergig@bfischool.org
1,Immaculada Concepció d'Horta - Futsal Dante,FUTBOL 5 JUVENIL MIXT 1ª FASE CEEB,Dissabte,12:00 h,JUVENIL,MIXT,2025-09-29,2025-09-29,Nivell B,"C. Granollers, 28-30",FUTBOL 5,Casa,,,info@futsaldante.com
1,Immaculada Concepció d'Horta - Futsal Dante,FUTBOL 5 BENJAMÍ MIXT 1ª FASE CEEB,Dissabte,11:00 h,BENJAMÍ,MIXT,2025-09-29,2025-09-29,Nivell C,"C. Granollers, 28-30",FUTBOL 5,Fora,,,info@futsaldante.com
1,Immaculada Concepció d'Horta - Futsal Dante,FUTBOL 5 PREINFANTIL MIXT 1ª FASE CEEB,Dissabte,12:00 h,PREINFANTIL,MIXT,2025-09-29,2025-09-29,Nivell D,"C. Granollers, 28-30",FUTBOL 5,Fora,,,info@futsaldante.com
1,"Immaculada Concepció d'Horta - Futsal Dante ""Blau""",FUTBOL 5 PREALEVÍ MIXT 1ª FASE CEEB,Dissabte,11:00 h,PREALEVÍ,MIXT,2025-09-29,2025-09-29,Nivell D,"C. Granollers, 28-30",FUTBOL 5,Casa,,,info@futsaldante.com
1,"Escola Thau ""B""",FUTBOL 5 PREINFANTIL MIXT 1ª FASE CEEB,Divendres,19:00 h,PREINFANTIL,MIXT,2025-09-29,2025-09-29,Nivell C,"Av. d'Esplugues, 49-53",FUTBOL 5,Fora,,,futbol.thaubcn@fundaciocic.org
1,"Escola Thau ""A""",FUTBOL 5 PREINFANTIL MIXT 1ª FASE CEEB,Divendres,19:00 h,PREINFANTIL,MIXT,2025-09-29,2025-09-29,Nivell C,"Av. d'Esplugues, 49-53",FUTBOL 5,Casa,,,futbol.thaubcn@fundaciocic.org
1,"Escola Thau ""B""",FUTBOL 5 ALEVÍ MIXT 1ª FASE CEEB,Divendres,19:00 h,ALEVÍ,MIXT,2025-09-29,2025-09-29,Nivell C,"Av. d'Esplugues, 49-53",FUTBOL 5,Fora,,,futbol.thaubcn@fundaciocic.org
1,"Escola Thau ""A""",FUTBOL 5 ALEVÍ MIXT 1ª FASE CEEB,Divendres,19:00 h,ALEVÍ,MIXT,2025-09-29,2025-09-29,Nivell C,"Av. d'Esplugues, 49-53",FUTBOL 5,Casa,,,futbol.thaubcn@fundaciocic.org
1,"Escola Thau ""B""",FUTBOL 5 PREALEVÍ MIXT 1ª FASE CEEB,Divendres,19:00 h,PREALEVÍ,MIXT,2025-09-29,2025-09-29,Nivell C,"Av. d'Esplugues, 49-53",FUTBOL 5,Casa,,,futbol.thaubcn@fundaciocic.org
1,"Escola Thau ""A""",FUTBOL 5 PREALEVÍ MIXT 1ª FASE CEEB,Divendres,19:00 h,PREALEVÍ,MIXT,2025-09-29,2025-09-29,Nivell C,"Av. d'Esplugues, 49-53",FUTBOL 5,Fora,,,futbol.thaubcn@fundaciocic.org
1,"Escola Thau ""B""",FUTBOL 5 BENJAMÍ MIXT 1ª FASE CEEB,Divendres,18:00 h,BENJAMÍ,MIXT,2025-09-29,2025-09-29,Nivell C,"Av. d'Esplugues, 49-53",FUTBOL 5,Fora,,,futbol.thaubcn@fundaciocic.org
0,"Escola Thau ""A""",FUTBOL 5 BENJAMÍ MIXT 1ª FASE CEEB,Divendres,18:00 h,BENJAMÍ,MIXT,,2025-09-29,Nivell C,"Av. d'Esplugues, 49-53",FUTBOL 5,Casa,,,futbol.thaubcn@fundaciocic.org
0,"Escola Thau ""B""",FUTBOL 5 PREBENJAMÍ MIXT 1ª FASE CEEB,Divendres,18:00 h,PREBENJAMÍ,MIXT,,2025-09-29,Nivell C,"Av. d'Esplugues, 49-53",FUTBOL 5,Casa,,,futbol.thaubcn@fundaciocic.org
0,"Escola Thau ""A""",FUTBOL 5 PREBENJAMÍ MIXT 1ª FASE CEEB,Divendres,18:00 h,PREBENJAMÍ,MIXT,,2025-09-29,Nivell C,"Av. d'Esplugues, 49-53",FUTBOL 5,Fora,,,futbol.thaubcn@fundaciocic.org
0,"Escola Thau ""B""",FUTBOL 5 MENUTS|MENUDES MIXT 1ª FASE CEEB,Divendres,18:00 h,MENUTS,MIXT,,2025-09-29,Nivell C,"Av. d'Esplugues, 49-53",FUTBOL 5,Fora,,,futbol.thaubcn@fundaciocic.org
0,"Escola Thau ""A""",FUTBOL 5 MENUTS|MENUDES MIXT 1ª FASE CEEB,Divendres,18:00 h,MENUTS,MIXT,,2025-09-29,Nivell C,"Av. d'Esplugues, 49-53",FUTBOL 5,Casa,,,futbol.thaubcn@fundaciocic.org
1,"Escola Sagrada Familia Sant Andreu ""A""",FUTBOL 5 CADET MIXT 1ª FASE CEEB,Divendres,20:00 h,CADET,MIXT,,2025-09-29,Nivell E,"C. Arquímedes, 60-68",FUTBOL 5,4,,,escola.esports@safa.cat
1,"Escola Sagrada Familia Sant Andreu ""A""",FUTBOL 5 BENJAMÍ MIXT 1ª FASE CEEB,Divendres,19:00 h,BENJAMÍ,MIXT,,2025-09-29,Nivell E,"C. Arquímedes, 60-68",FUTBOL 5,8,,,escola.esports@safa.cat
1,"Escola Sagrada Familia Sant Andreu ""A""",FUTBOL 5 ALEVÍ MIXT 1ª FASE CEEB,Divendres,20:00 h,ALEVÍ,MIXT,,2025-09-29,Nivell E,"C. Arquímedes, 60-68",FUTBOL 5,8,,,escola.esports@safa.cat
1,"Escola Sagrada Familia Sant Andreu ""A""",FUTBOL 5 MENUDETS|MENUDETES MIXT 1ª FASE CEEB,Divendres,18:00 h,MENUDETS,MIXT,,2025-09-29,Nivell E,"C. Arquímedes, 60-68",FUTBOL 5,8,,,escola.esports@safa.cat
1,"Escola Sagrada Familia Sant Andreu ""B""",FUTBOL 5 MENUDETS|MENUDETES MIXT 1ª FASE CEEB,Divendres,18:00 h,MENUDETS,MIXT,,2025-09-29,Nivell E,"C. Arquímedes, 60-68",FUTBOL 5,4,,,escola.esports@safa.cat
1,"Escola Sagrada Familia Sant Andreu ""A""",FUTBOL 5 PREBENJAMÍ MIXT 1ª FASE CEEB,Divendres,19:00 h,PREBENJAMÍ,MIXT,,2025-09-29,Nivell E,"C. Arquímedes, 60-68",FUTBOL 5,4,,,escola.esports@safa.cat
1,"AE Lycée Français ""A""",FUTBOL 5 JUVENIL MIXT 1ª FASE CEEB,Dissabte,11:30 h,JUVENIL,MIXT,,2025-09-29,Nivell C,"C. Marquès de Mulhacen, 14-20",FUTBOL 5,2,,,AESLFB@YAHOO.ES
1,"AE Lycée Français ""A""",FUTBOL 5 INFANTIL MIXT 1ª FASE CEEB,Dissabte,11:30 h,INFANTIL,MIXT,,2025-09-29,Nivell C,"C. Marquès de Mulhacen, 14-20",FUTBOL 5,2,,,AESLFB@YAHOO.ES
1,"AE Lycée Français ""A""",FUTBOL 5 PREALEVÍ MIXT 1ª FASE CEEB,Dissabte,10:30 h,PREALEVÍ,MIXT,,2025-09-29,Nivell C,"C. Marquès de Mulhacen, 14-20",FUTBOL 5,2,,,AESLFB@YAHOO.ES
0,"Kinobs Sports SLU ""A""",FUTBOL 5 PREINFANTIL MIXT 1ª FASE CEEB,Divendres,18:00 h,PREINFANTIL,MIXT,,2025-09-29,Nivell E,"C. Ràfols, s/n",FUTBOL 5,7,,,coordinacio@kinobs.com
1,"AE Lycée Français ""A""",FUTBOL 5 BENJAMÍ MIXT 1ª FASE CEEB,Dissabte,10:30 h,BENJAMÍ,MIXT,,2025-09-29,Nivell C,"C. Marquès de Mulhacen, 14-20",FUTBOL 5,2,,,AESLFB@YAHOO.ES
0,"Kinobs Sports SLU ""A""",FUTBOL 5 ALEVÍ MIXT 1ª FASE CEEB,Divendres,18:00 h,ALEVÍ,MIXT,,2025-09-29,Nivell E,"C. Ràfols, s/n",FUTBOL 5,3,,,coordinacio@kinobs.com
1,"AE Lycée Français ""A""",FUTBOL 5 PREBENJAMÍ MIXT 1ª FASE CEEB,Dissabte,09:30 h,PREBENJAMÍ,MIXT,,2025-09-29,Nivell C,"C. Marquès de Mulhacen, 14-20",FUTBOL 5,2,,,aeslfb@yahoo.es
0,"Kinobs Sports SLU ""A""",FUTBOL 5 BENJAMÍ MIXT 1ª FASE CEEB,Divendres,18:00 h,BENJAMÍ,MIXT,,2025-09-29,Nivell E,"C. Ràfols, s/n",FUTBOL 5,7,,,coordinacio@kinobs.com
1,"Escola Grevol ""A""",FUTBOL 5 PREALEVÍ FEMENÍ 1ª FASE CEEB,Dissabte,10:30 h,PREALEVÍ,FEMENÍ,2025-09-29,2025-09-29,Nivell C,"C. Provençals, 9 (cant. Pg. Taulat)",FUTBOL 5,7,,,pbragulat@afagrevol.cat
1,Escola Regina Carmeli,FUTBOL 5 PREBENJAMÍ MIXT 1ª FASE CEEB,Divendres,18:00 h,PREBENJAMÍ,MIXT,,2025-09-29,Nivell C,"C. Eduard Toda, 37",FUTBOL 5,,,,jordidominguez@reginahorta.com
0,Centre Montserrat-Xavier,FUTBOL 5 INFANTIL MIXT 1ª FASE CEEB,Divendres,20:00 h,INFANTIL,MIXT,,2025-09-29,Nivell E,"C. Ermengarda, 11-25",FUTBOL 5,Fora,,,cmx1904futsal@gmail.com
0,"Centre Montserrat-Xavier ""B""",FUTBOL 5 PREBENJAMÍ MIXT 1ª FASE CEEB,Dissabte,10:00 h,PREBENJAMÍ,MIXT,,2025-09-29,Nivell E,"C. Ermengarda, 11-25",FUTBOL 5,Casa,,,cmx1904futsal@gmail.com
0,Centre Montserrat-Xavier,FUTBOL 5 PREBENJAMÍ MIXT 1ª FASE CEEB,Dissabte,11:00 h,PREBENJAMÍ,MIXT,,2025-09-29,Nivell E,"C. Ermengarda, 11-25",FUTBOL 5,Casa,,,cmx1904futsal@gmail.com
0,"Centre Montserrat-Xavier ""B""",FUTBOL 5 ALEVÍ MIXT 1ª FASE CEEB,Divendres,19:00 h,ALEVÍ,MIXT,,2025-09-29,Nivell E,"C. Ermengarda, 11-25",FUTBOL 5,Fora,,,cmx1904futsal@gmail.com
0,Centre Montserrat-Xavier,FUTBOL 5 ALEVÍ MIXT 1ª FASE CEEB,Divendres,19:00 h,ALEVÍ,MIXT,,2025-09-29,Nivell E,"C. Ermengarda, 11-25",FUTBOL 5,Casa,,,cmx1904futsal@gmail.com
0,"Centre Montserrat-Xavier ""B""",FUTBOL 5 BENJAMÍ MIXT 1ª FASE CEEB,Divendres,18:00 h,BENJAMÍ,MIXT,,2025-09-29,Nivell E,"C. Ermengarda, 11-25",FUTBOL 5,Fora,,,cmx1904futsal@gmail.com
1,Col·legi Sagrat Cor Sarrià,FUTBOL 5 JUVENIL FEMENÍ 1ª FASE CEEB,Divendres,18:00 h,JUVENIL,FEMENÍ,,2025-09-29,Nivell E,"C. Ramon Miquel i Planas, 38-40 (cotxes per C. Rafols)",FUTBOL 5,Casa,,,a.martin@sagratcorsarria.com
0,Col·legi Padre Damian Sagrados Corazones,FUTBOL 5 CADET MIXT 1ª FASE CEEB,Divendres,19:15 h,CADET,MIXT,,2025-09-28,Nivell C,"Av. Vallvidrera, 10",FUTBOL 5,Fora,,,extraescolars@padredamiansscc.net
0,Col·legi Padre Damian Sagrados Corazones,FUTBOL 5 ALEVÍ MIXT 1ª FASE CEEB,Divendres,19:15 h,ALEVÍ,MIXT,,2025-09-28,Nivell C,"Av. Vallvidrera, 10",FUTBOL 5,Fora,,,extraescolars@padredamiansscc.net
0,Col·legi Padre Damian Sagrados Corazones,FUTBOL 5 BENJAMÍ MIXT 1ª FASE CEEB,Divendres,18:00 h,BENJAMÍ,MIXT,,2025-09-28,Nivell A,"Av. Vallvidrera, 10",FUTBOL 5,Fora,,,extraescolars@padredamiansscc.net
0,Col·legi Padre Damian Sagrados Corazones,FUTBOL 5 PREALEVÍ MIXT 1ª FASE CEEB,Divendres,18:00 h,PREALEVÍ,MIXT,,2025-09-28,Nivell A,"Av. Vallvidrera, 10",FUTBOL 5,Casa,,,extraescolars@padredamiansscc.net
0,"Col·legi Padre Damian Sagrados Corazones ""A""",FUTBOL 5 PREALEVÍ FEMENÍ 1ª FASE CEEB,Divendres,18:00 h,PREALEVÍ,FEMENÍ,,2025-09-28,Nivell C,"Av. Vallvidrera, 10",FUTBOL 5,Casa,,,extraescolars@padredamiansscc.net
0,"Col·legi Padre Damian Sagrados Corazones ""A""",FUTBOL 5 PREBENJAMÍ MIXT 1ª FASE CEEB,Divendres,18:00 h,PREBENJAMÍ,MIXT,,2025-09-28,Nivell B,"Av. Vallvidrera, 10",FUTBOL 5,Fora,,,extraescolars@padredamiansscc.net
0,"Escola El Carmel (Valors IPP) ""B""",FUTBOL 5 ALEVÍ MIXT 1ª FASE CEEB,Divendres,18:00 h,ALEVÍ,MIXT,,2025-09-28,Nivell E,"C. Coves d'en Cimany, 54",FUTBOL 5,Fora,,,siscugar30@hotmail.com
0,Escola El Carmel (Valors IPP),FUTBOL 5 PREALEVÍ MIXT 1ª FASE CEEB,Divendres,19:00 h,PREALEVÍ,MIXT,,2025-09-28,Nivell E,"C. Coves d'en Cimany, 54",FUTBOL 5,Fora,,,siscugar30@hotmail.com
1,Escola El Carmel (Valors IPP),FUTBOL 5 ALEVÍ MIXT 1ª FASE CEEB,Divendres,20:00 h,ALEVÍ,MIXT,,2025-09-28,Nivell E,"C. Coves d'en Cimany, 54",FUTBOL 5,Fora,,,fgarcia@somvalors.com
1,"Escola Suïssa de Barcelona ""A""",FUTBOL 5 ALEVÍ MIXT 1ª FASE CEEB,Dissabte,09:00 h,ALEVÍ,MIXT,2025-09-29,2025-09-28,Nivell E,"C. Balmes, 298",FUTBOL 5,2,,,deporteextraescolar@escuelasuizabcn.com
1,"Escola Suïssa de Barcelona ""A""",FUTBOL 5 PREALEVÍ MIXT 1ª FASE CEEB,Divendres,20:00 h,PREALEVÍ,MIXT,2025-09-29,2025-09-28,Nivell E,"C. Balmes, 298",FUTBOL 5,2,,,deporteextraescolar@escuelasuizabcn.com
1,"Escola Suïssa de Barcelona ""A""",FUTBOL 5 BENJAMÍ MIXT 1ª FASE CEEB,Divendres,19:00 h,BENJAMÍ,MIXT,2025-09-29,2025-09-28,Nivell E,"C. Balmes, 298",FUTBOL 5,2,,,deporteextraescolar@escuelasuizabcn.com
1,"Escola Suïssa de Barcelona ""A""",FUTBOL 5 PREBENJAMÍ MIXT 1ª FASE CEEB,Divendres,18:00 h,PREBENJAMÍ,MIXT,2025-09-29,2025-09-28,Nivell E,"C. Balmes, 298",FUTBOL 5,2,,,deporteextraescolar@escuelasuizabcn.com
1,"Scala Dei - Futsal Dante ""Vermell""",FUTBOL 5 BENJAMÍ MIXT 1ª FASE CEEB,Divendres,18:00 h,BENJAMÍ,MIXT,2025-09-29,2025-09-26,Nivell E,"Pg. Valldaura, 43-53",FUTBOL 5,Casa,,,direccio@futsaldante.com
1,Scala Dei - Futsal Dante,FUTBOL 5 INFANTIL MIXT 1ª FASE CEEB,Divendres,19:00 h,INFANTIL,MIXT,2025-09-29,2025-09-26,Nivell E,"Pg. Valldaura, 43-53",FUTBOL 5,Casa,,,direccio@futsaldante.com
1,Scala Dei - Futsal Dante,FUTBOL 5 PREALEVÍ MIXT 1ª FASE CEEB,Divendres,18:00 h,PREALEVÍ,MIXT,2025-09-29,2025-09-26,Nivell D,"Pg. Valldaura, 43-53",FUTBOL 5,Fora,,,direccio@futsaldante.com
1,Scala Dei - Futsal Dante,FUTBOL 5 BENJAMÍ MIXT 1ª FASE CEEB,Dissabte,09:30 h,BENJAMÍ,MIXT,2025-09-29,2025-09-26,Nivell C,"Pg. Valldaura, 43-53",FUTBOL 5,Fora,,,direccio@futsaldante.com
0,"Kinobs Sports SLU ""A""",FUTBOL 5 INFANTIL MIXT 1ª FASE CEEB,Divendres,18:00 h,INFANTIL,MIXT,,2025-09-26,Nivell E,"C. Ràfols, s/n",FUTBOL 5,3,,,kinobs@kinobs.com
1,"FC Xavi ""Groc""",FUTBOL 5 PREBENJAMÍ MIXT 1ª FASE CEEB,Divendres,18:00 h,PREBENJAMÍ,MIXT,,2025-09-26,Nivell A,"C. Sant Oleguer, 10",FUTBOL 5,2,,LLIGA PROVA PREBENJAMÍ F5 grup 2,jo@gmail.com
1,"FC Xavi ""H""",FUTBOL 5 PREBENJAMÍ MIXT 1ª FASE CEEB,Divendres,18:00 h,PREBENJAMÍ,MIXT,,2025-09-26,Nivell A,"C. Sant Oleguer, 10",FUTBOL 5,Indiferent,,LLIGA PROVA PREBENJAMÍ F5 grup 2,jo@gmail.com
1,"Institut Viladomat - TEAM ""A""",FUTBOL 5 CADET MIXT 1ª FASE CEEB,Divendres,19:15 h,CADET,MIXT,2025-09-26,2025-09-26,Nivell E,"C. Consell de Cent, 148",FUTBOL 5,Casa,,,david.palacios@team-org.com
1,"Institut Viladomat - TEAM ""A""",FUTBOL 5 INFANTIL MIXT 1ª FASE CEEB,Divendres,18:00 h,INFANTIL,MIXT,2025-09-26,2025-09-26,Nivell E,"C. Consell de Cent, 148",FUTBOL 5,Casa,,,david.palacios@team-org.com
1,"The Benjamin Franklin International School ""A""",FUTBOL 5 ALEVÍ MIXT 1ª FASE CEEB,Divendres,18:00 h,ALEVÍ,MIXT,,2025-09-26,Nivell E,"Ptge. Torras i Bages, 1-5 (Sarrià)",FUTBOL 5,7,,,sergig@bfischool.org
1,"The Benjamin Franklin International School ""A""",FUTBOL 5 PREBENJAMÍ MIXT 1ª FASE CEEB,Dijous,18:00 h,PREBENJAMÍ,MIXT,,2025-09-26,Nivell E,"Ptge. Torras i Bages, 1-5 (Sarrià)",FUTBOL 5,3,,,sergig@bfischool.org
1,"The Benjamin Franklin International School ""B""",FUTBOL 5 CADET MIXT 1ª FASE CEEB,Divendres,20:00 h,CADET,MIXT,,2025-09-26,Nivell E,"Ptge. Torras i Bages, 1-5 (Sarrià)",FUTBOL 5,7,,,sergig@bfischool.org
1,"The Benjamin Franklin International School ""A""",FUTBOL 5 PREINFANTIL MIXT 1ª FASE CEEB,Dissabte,09:00 h,PREINFANTIL,MIXT,,2025-09-26,Nivell E,"Ptge. Torras i Bages, 1-5 (Sarrià)",FUTBOL 5,3,,,sergig@bfischool.org
1,"Escola Mallorca (AE L'Eixample) ""A""",FUTBOL 5 ALEVÍ MIXT 1ª FASE CEEB,Dissabte,11:00 h,ALEVÍ,MIXT,,2025-09-26,Nivell E,"C. Londres, 64",FUTBOL 5,7,,,smarcaida@ielondres.cat
1,"Escola Mallorca (AE L'Eixample) ""A""",FUTBOL 5 PREALEVÍ MIXT 1ª FASE CEEB,Divendres,18:15 h,PREALEVÍ,MIXT,,2025-09-26,Nivell E,"C. Londres, 64",FUTBOL 5,7,,,smarcaida@ielondres.cat
1,"Escola Mallorca (AE L'Eixample) ""A""",FUTBOL 5 BENJAMÍ MIXT 1ª FASE CEEB,Dissabte,10:00 h,BENJAMÍ,MIXT,,2025-09-26,Nivell A,"C. Londres, 64",FUTBOL 5,Casa,,,smarcaida@ielondres.cat
1,"Escola de Futbol Sala Sant Marc de Sarrià ""A""",FUTBOL 5 CADET MIXT 1ª FASE CEEB,Divendres,19:00 h,CADET,MIXT,2025-09-26,2025-09-26,Nivell E,"C. Carrasco i Formiguera, 12",FUTBOL 5,Casa,por favor que nos pongan colegios los mas cercanos posibles,,ansenio@santmarc.com
1,"Escola de Futbol Sala Sant Marc de Sarrià ""A""",FUTBOL 5 PREINFANTIL MIXT 1ª FASE CEEB,Divendres,20:00 h,PREINFANTIL,MIXT,2025-09-26,2025-09-26,Nivell E,"C. Carrasco i Formiguera, 12",FUTBOL 5,Casa,por favor que nos pongan colegios los mas cercanos posibles,,ansenio@santmarc.com
1,"Jesuïtes Gràcia - Col·legi Kostka ""Verd""",FUTBOL 5 PREALEVÍ MIXT 1ª FASE CEEB,Dissabte,12:00 h,PREALEVÍ,MIXT,2025-09-26,2025-09-25,Nivell C,C. Antequera 2-4,FUTBOL 5,4,,,ruben.zubillaga@fje.edu
1,"Jesuïtes Gràcia - Col·legi Kostka ""Negre""",FUTBOL 5 PREBENJAMÍ MIXT 1ª FASE CEEB,Dissabte,12:00 h,PREBENJAMÍ,MIXT,2025-09-26,2025-09-25,Nivell C,C. Antequera 2-4,FUTBOL 5,8,,,ruben.zubillaga@fje.edu
1,"Jesuïtes Gràcia - Col·legi Kostka ""Verd""",FUTBOL 5 PREBENJAMÍ MIXT 1ª FASE CEEB,Dissabte,11:00 h,PREBENJAMÍ,MIXT,2025-09-26,2025-09-25,Nivell C,C. Antequera 2-4,FUTBOL 5,4,,,ruben.zubillaga@fje.edu
1,Manyanet Sant Andreu,FUTBOL 5 LLIGA JOVE FEMENÍ 1ª FASE CEEB,Dissabte,13:00 h,SÈNIOR,FEMENÍ,,2025-09-25,Nivell D,"C. Pare Manyanet, 19",FUTBOL 5,1,,,futsal.ampa@santandreu.manyanet.org
1,Manyanet Sant Andreu,FUTBOL 5 PREALEVÍ MIXT 1ª FASE CEEB,Dissabte,13:00 h,PREALEVÍ,MIXT,,2025-09-25,Nivell D,"C. Pare Manyanet, 19",FUTBOL 5,1,,,futsal.ampa@santandreu.manyanet.org
1,Manyanet Sant Andreu,FUTBOL 5 PREALEVÍ FEMENÍ 1ª FASE CEEB,Dissabte,12:00 h,PREALEVÍ,FEMENÍ,,2025-09-25,Nivell E,"C. Pare Manyanet, 19",FUTBOL 5,1,,,futsal.ampa@santandreu.manyanet.org
1,Manyanet Sant Andreu,FUTBOL 5 INFANTIL MIXT 1ª FASE CEEB,Dissabte,11:00 h,INFANTIL,MIXT,,2025-09-25,Nivell C,"C. Pare Manyanet, 19",FUTBOL 5,1,,,futsal.ampa@santandreu.manyanet.org
1,Manyanet Sant Andreu B,FUTBOL 5 CADET FEMENÍ 1ª FASE CEEB,Dissabte,09:00 h,CADET,FEMENÍ,,2025-09-25,Nivell E,"C. Pare Manyanet, 19",FUTBOL 5,1,,,futsal.ampa@santandreu.manyanet.org
1,Manyanet Sant Andreu,FUTBOL 5 LLIGA JOVE MIXT 1ª FASE CEEB,Dissabte,10:00 h,SÈNIOR,MIXT,,2025-09-25,Nivell B,"C. Pare Manyanet, 19",FUTBOL 5,1,,,futsal.ampa@santandreu.manyanet.org
1,Manyanet Sant Andreu,FUTBOL 5 MENUTS|MENUDES MIXT 1ª FASE CEEB,Dissabte,11:00 h,MENUTS,MIXT,,2025-09-25,Nivell E,"C. Pare Manyanet, 19",FUTBOL 5,1,,,futsal.ampa@santandreu.manyanet.org
1,Manyanet Sant Andreu,FUTBOL 5 ALEVÍ MIXT 1ª FASE CEEB,Dissabte,14:00 h,ALEVÍ,MIXT,,2025-09-25,Nivell B,"C. Pare Manyanet, 19",FUTBOL 5,1,,,futsal.ampa@santandreu.manyanet.org
1,Manyanet Sant Andreu,FUTBOL 5 MENUDETS|MENUDETES MIXT 1ª FASE CEEB,Dissabte,09:00 h,MENUDETS,MIXT,,2025-09-25,Nivell D,"C. Pare Manyanet, 19",FUTBOL 5,1,,,futsal.ampa@santandreu.manyanet.org
1,Escola Ntra Sra de Lurdes,FUTBOL 5 ALEVÍ MIXT 1ª FASE CEEB,Dissabte,09:00 h,ALEVÍ,MIXT,2025-09-26,2025-09-25,Nivell D,"Via Augusta, 73-75",FUTBOL 5,1,,,coordinacioesports@escolalurdes.cat
1,Escola Ntra Sra de Lurdes,FUTBOL 5 PREALEVÍ MIXT 1ª FASE CEEB,Dissabte,10:00 h,PREALEVÍ,MIXT,2025-09-26,2025-09-25,Nivell D,"Via Augusta, 73-75",FUTBOL 5,1,,,coordinacioesports@escolalurdes.cat
1,Escola Ntra Sra de Lurdes,FUTBOL 5 BENJAMÍ MIXT 1ª FASE CEEB,Dissabte,11:00 h,BENJAMÍ,MIXT,2025-09-26,2025-09-25,Nivell E,"Via Augusta, 73-75",FUTBOL 5,1,,,coordinacioesports@escolalurdes.cat
1,"Escola Ntra Sra de Lurdes ""A""",FUTBOL 5 PREBENJAMÍ MIXT 1ª FASE CEEB,Dissabte,12:00 h,PREBENJAMÍ,MIXT,2025-09-26,2025-09-25,Nivell E,"Via Augusta, 73-75",FUTBOL 5,1,,,coordinacioesports@escolalurdes.cat
1,Galí Bellesguard (AE L'Eixample),FUTBOL 5 PREINFANTIL FEMENÍ 1ª FASE CEEB,Divendres,18:00 h,PREINFANTIL,FEMENÍ,,2025-09-25,Nivell C,"C. Carles Riba, 11-15",FUTBOL 5,5,,,Esports@galibellesguard.cat
1,Galí Bellesguard (AE L'Eixample),FUTBOL 5 PREALEVÍ MIXT 1ª FASE CEEB,Divendres,18:00 h,PREALEVÍ,MIXT,,2025-09-25,Nivell D,"C. Carles Riba, 11-15",FUTBOL 5,5,,,Esports@galibellesguard.cat
1,Galí Bellesguard (AE L'Eixample),FUTBOL 5 PREINFANTIL MIXT 1ª FASE CEEB,Divendres,19:00 h,PREINFANTIL,MIXT,,2025-09-25,Nivell D,"C. Carles Riba, 11-15",FUTBOL 5,1,,,Esports@galibellesguard.cat
1,Galí Bellesguard (AE L'Eixample),FUTBOL 5 PREBENJAMÍ MIXT 1ª FASE CEEB,Divendres,18:00 h,PREBENJAMÍ,MIXT,,2025-09-25,Nivell D,"C. Carles Riba, 11-15",FUTBOL 5,1,,,Esports@galibellesguard.cat
1,Galí Bellesguard (AE L'Eixample),FUTBOL 5 ALEVÍ MIXT 1ª FASE CEEB,Divendres,18:00 h,ALEVÍ,MIXT,,2025-09-25,Nivell C,"C. Carles Riba, 11-15",FUTBOL 5,1,,,Esports@galibellesguard.cat
1,"Escolàpies de Llúria (FPC CET 10) ""A""",FUTBOL 5 ALEVÍ MIXT 1ª FASE CEEB,Divendres,18:00 h,ALEVÍ,MIXT,,2025-09-25,Nivell E,"C. Roger de Llúria, 62 (entrada Llar d'Infants)",FUTBOL 5,Fora,,,laiaruizh@gmail.com
1,"Escolàpies de Llúria (FPC CET 10) ""A""",FUTBOL 5 BENJAMÍ MIXT 1ª FASE CEEB,Divendres,18:00 h,BENJAMÍ,MIXT,,2025-09-25,Nivell E,"C. Roger de Llúria, 62 (entrada Llar d'Infants)",FUTBOL 5,Casa,,,laiaruizh@gmail.com
1,"IES Poeta Maragall ""A""",FUTBOL 5 INFANTIL MIXT 1ª FASE CEEB,Divendres,18:00 h,INFANTIL,MIXT,2025-09-26,2025-09-25,Nivell E,"C. Provença, 187",FUTBOL 5,Fora,,,info@team-org.com
1,"Escola Diputació - TEAM ""A""",FUTBOL 5 PREALEVÍ MIXT 1ª FASE CEEB,Divendres,19:15 h,PREALEVÍ,MIXT,2025-09-26,2025-09-25,Nivell E,"C. Diputació, 112",FUTBOL 5,Fora,,,merce.carrasco@team-org.com
1,"Escola Diputació - TEAM ""A""",FUTBOL 5 ALEVÍ MIXT 1ª FASE CEEB,Divendres,19:15 h,ALEVÍ,MIXT,2025-09-26,2025-09-25,Nivell E,"C. Diputació, 112",FUTBOL 5,Casa,,,merce.carrasco@team-org.com
1,"Escola Diputació - TEAM ""A""",FUTBOL 5 BENJAMÍ MIXT 1ª FASE CEEB,Divendres,18:00 h,BENJAMÍ,MIXT,2025-09-26,2025-09-25,Nivell E,"C. Diputació, 112",FUTBOL 5,Casa,,,merce.carrasco@team-org.com
0,"Club Esportiu Mediterrani ""C""",FUTBOL 5 ALEVÍ MIXT 1ª FASE CEEB,Divendres,20:00 h,ALEVÍ,MIXT,,2025-09-25,Nivell E,"C. Riera Blanca, s/n (amb C. Canalejas)",FUTBOL 5,Fora,Equip d'iniciació,,futbolsala@mediterrani1931.com
0,"Escola Calderon de la Barca AMPA ""A""",FUTBOL 5 PREALEVÍ MIXT 1ª FASE CEEB,Divendres,19:00 h,PREALEVÍ,MIXT,,2025-09-25,Nivell D,"C. Ordunya, s/n (entrada C. Dr. Pi i Molist)",FUTBOL 5,8,,,orlandovaldu@gmail.com
0,"Escola Calderon de la Barca AMPA ""A""",FUTBOL 5 ALEVÍ MIXT 1ª FASE CEEB,Divendres,20:00 h,ALEVÍ,MIXT,,2025-09-25,Nivell D,"C. Ordunya, s/n (entrada C. Dr. Pi i Molist)",FUTBOL 5,8,,,orlandovaldu@gmail.com
0,"Dominiques Barcelona ""A""",FUTBOL 5 PREBENJAMÍ MIXT 1ª FASE CEEB,Divendres,18:00 h,PREBENJAMÍ,MIXT,,2025-09-25,Nivell B,"C. Mallorca, 349",FUTBOL 5,1,,,ferranbulta@gmail.com
0,"Club Esportiu Mediterrani ""A""",FUTBOL 5 INFANTIL MIXT 1ª FASE CEEB,Dissabte,09:00 h,INFANTIL,MIXT,,2025-09-25,Nivell B,"C. Riera Blanca, s/n (amb C. Canalejas)",FUTBOL 5,Casa,,,futbolsala@mediterrani1931.com
1,"Club Esportiu Jesús Maria ""A""",FUTBOL 5 CADET MIXT 1ª FASE CEEB,Divendres,19:00 h,CADET,MIXT,,2025-09-25,Nivell B,"C. Jesus i Maria, 1-25",FUTBOL 5,7,,,clubesportiujm@edu.jmsanger.com
1,"Club Esportiu Jesús Maria ""A""",FUTBOL 5 INFANTIL MIXT 1ª FASE CEEB,Divendres,19:00 h,INFANTIL,MIXT,,2025-09-25,Nivell C,"C. Jesus i Maria, 1-25",FUTBOL 5,7,,,clubesportiujm@edu.jmsanger.com
1,"Club Esportiu Jesús Maria ""A""",FUTBOL 5 PREINFANTIL MIXT 1ª FASE CEEB,Divendres,19:00 h,PREINFANTIL,MIXT,,2025-09-25,Nivell C,"C. Jesus i Maria, 1-25",FUTBOL 5,3,,,clubesportiujm@edu.jmsanger.com
1,"Club Esportiu Jesús Maria ""A""",FUTBOL 5 ALEVÍ MIXT 1ª FASE CEEB,Divendres,18:00 h,ALEVÍ,MIXT,,2025-09-25,Nivell D,"C. Jesus i Maria, 1-25",FUTBOL 5,7,,,clubesportiujm@edu.jmsanger.com
1,"Club Esportiu Jesús Maria ""A""",FUTBOL 5 PREALEVÍ MIXT 1ª FASE CEEB,Divendres,19:00 h,PREALEVÍ,MIXT,,2025-09-25,Nivell C,"C. Jesus i Maria, 1-25",FUTBOL 5,3,,,clubesportiujm@edu.jmsanger.com
1,"Club Esportiu Jesús Maria ""B""",FUTBOL 5 BENJAMÍ MIXT 1ª FASE CEEB,Divendres,18:00 h,BENJAMÍ,MIXT,,2025-09-25,Nivell B,"C. Jesus i Maria, 1-25",FUTBOL 5,3,,,clubesportiujm@edu.jmsanger.com
1,"Club Esportiu Jesús Maria ""A""",FUTBOL 5 BENJAMÍ MIXT 1ª FASE CEEB,Divendres,18:00 h,BENJAMÍ,MIXT,,2025-09-25,Nivell B,"C. Jesus i Maria, 1-25",FUTBOL 5,3,,,clubesportiujm@edu.jmsanger.com
1,"Club Esportiu Jesús Maria ""A""",FUTBOL 5 PREBENJAMÍ MIXT 1ª FASE CEEB,Divendres,18:00 h,PREBENJAMÍ,MIXT,,2025-09-25,Nivell C,"C. Jesus i Maria, 1-25",FUTBOL 5,7,,,clubesportiujm@edu.jmsanger.com
1,"FC Xavi ""C""",FUTBOL 5 PREBENJAMÍ MIXT 1ª FASE CEEB,Dimarts,19:00 h,PREBENJAMÍ,MIXT,,2025-09-25,Nivell A,"Av. Litoral, 86",FUTBOL 5,Casa,,"COPA BENJAMI PROVA 1, LLIGA PROVA PREBENJAMÍ F5 grup 2",jo@gmail.com
1,"FC Xavi ""B""",FUTBOL 5 PREBENJAMÍ MIXT 1ª FASE CEEB,Divendres,19:00 h,PREBENJAMÍ,MIXT,,2025-09-25,Nivell A,"Av. Litoral, 86",FUTBOL 5,1,,"COPA BENJAMI PROVA 1, LLIGA PROVA PREBENJAMÍ F5 grup 1",jo@gmail.com
1,"FC Xavi ""A""",FUTBOL 5 PREBENJAMÍ MIXT 1ª FASE CEEB,Divendres,19:00 h,PREBENJAMÍ,MIXT,,2025-09-25,Nivell A,"Av. Litoral, 86",FUTBOL 5,1,,"COPA BENJAMI PROVA 1, LLIGA PROVA PREBENJAMÍ F5 grup 1",jo@gmail.com
0,"Artós Sports Club (FPC CET 10) ""A""",FUTBOL 5 JUVENIL MIXT 1ª FASE CEEB,Dissabte,10:00 h,JUVENIL,MIXT,,2025-09-25,Nivell A,"C. Vergós, 67 (entrada també C. Rafael Batlle, 21)",FUTBOL 5,1,LLIGA DIVENDRES SIUSPLAU,,futbol@artossportsclub.com
0,"Artós Sports Club (FPC CET 10) ""A""",FUTBOL 5 CADET MIXT 1ª FASE CEEB,Divendres,20:45 h,CADET,MIXT,,2025-09-25,Nivell C,"C. Vergós, 67 (entrada també C. Rafael Batlle, 21)",FUTBOL 5,5,LLIGA DIVENDRES,,futbol@artossportsclub.com
0,"Artós Sports Club (FPC CET 10) ""B""",FUTBOL 5 CADET MIXT 1ª FASE CEEB,Divendres,20:45 h,CADET,MIXT,,2025-09-25,Nivell E,"C. Vergós, 67 (entrada també C. Rafael Batlle, 21)",FUTBOL 5,1,LLIGA DIVENDRES,,futbol@artossportsclub.com
0,"Artós Sports Club (FPC CET 10) ""A""",FUTBOL 5 INFANTIL MIXT 1ª FASE CEEB,Divendres,19:45 h,INFANTIL,MIXT,,2025-09-25,Nivell A,"C. Vergós, 67 (entrada també C. Rafael Batlle, 21)",FUTBOL 5,1,LLIGA DIVENDRES,,futbol@artossportsclub.com
0,"Artós Sports Club (FPC CET 10) ""A""",FUTBOL 5 PREINFANTIL MIXT 1ª FASE CEEB,Divendres,19:45 h,PREINFANTIL,MIXT,,2025-09-25,Nivell C,"C. Vergós, 67 (entrada també C. Rafael Batlle, 21)",FUTBOL 5,5,LLIGA DIVENDRES,,futbol@artossportsclub.com
0,"Artós Sports Club (FPC CET 10) ""A""",FUTBOL 5 ALEVÍ MIXT 1ª FASE CEEB,Divendres,19:45 h,ALEVÍ,MIXT,,2025-09-25,Nivell B,"C. Vergós, 67 (entrada també C. Rafael Batlle, 21)",FUTBOL 5,5,LLIGA DIVENDRES,,futbol@artossportsclub.com
0,"Artós Sports Club (FPC CET 10) ""A""",FUTBOL 5 PREALEVÍ MIXT 1ª FASE CEEB,Divendres,19:45 h,PREALEVÍ,MIXT,,2025-09-25,Nivell A,"C. Vergós, 67 (entrada també C. Rafael Batlle, 21)",FUTBOL 5,1,LLIGA DIVENDRES,,futbol@artossportsclub.com
0,Artós Sports Club (FPC CET 10) B,FUTBOL 5 BENJAMÍ MIXT 1ª FASE CEEB,Divendres,19:00 h,BENJAMÍ,MIXT,,2025-09-25,Nivell C,"C. Vergós, 67 (entrada també C. Rafael Batlle, 21)",FUTBOL 5,5,LLIGA DIVENDRES,,futbol@artossportsclub.com
0,Artós Sports Club (FPC CET 10) A,FUTBOL 5 BENJAMÍ MIXT 1ª FASE CEEB,Divendres,19:00 h,BENJAMÍ,MIXT,,2025-09-25,Nivell A,"C. Vergós, 67 (entrada també C. Rafael Batlle, 21)",FUTBOL 5,1,LLIGA DIVENDRES,,futbol@artossportsclub.com
0,"Artós Sports Club (FPC CET 10) ""C""",FUTBOL 5 PREBENJAMÍ MIXT 1ª FASE CEEB,Divendres,18:00 h,PREBENJAMÍ,MIXT,,2025-09-25,Nivell D,"C. Vergós, 67 (entrada també C. Rafael Batlle, 21)",FUTBOL 5,5,LLIGA DIVENDRES,,futbol@artossportsclub.com
0,"Artós Sports Club (FPC CET 10) ""A""",FUTBOL 5 PREBENJAMÍ MIXT 1ª FASE CEEB,Divendres,18:00 h,PREBENJAMÍ,MIXT,,2025-09-25,Nivell B,"C. Vergós, 67 (entrada també C. Rafael Batlle, 21)",FUTBOL 5,1,LLIGA DIVENDRES,,futbol@artossportsclub.com
0,SantÍssima Trinitat (Hermanas Trinitarias),FUTBOL 5 INFANTIL MIXT 1ª FASE CEEB,Dissabte,09:00 h,INFANTIL,MIXT,,2025-09-25,Nivell D,"Av. d'Esplugues, 62-70",FUTBOL 5,,,,Dheredia@centrosfest.net
0,SantÍssima Trinitat (Hermanas Trinitarias),FUTBOL 5 CADET MIXT 1ª FASE CEEB,Dissabte,10:00 h,CADET,MIXT,,2025-09-25,Nivell B,"Av. d'Esplugues, 62-70",FUTBOL 5,,,,dheredia@centrosfest.net
0,"Institut Escola Londres (AE L'Eixample) ""A""",FUTBOL 5 ALEVÍ MIXT 1ª FASE CEEB,Dissabte,09:00 h,ALEVÍ,MIXT,,2025-09-25,Nivell E,"C. Londres, 64",FUTBOL 5,7,,,smarcaida@ielondres.cat
1,"Escola Virolai ""A""",FUTBOL 5 PREINFANTIL MIXT 1ª FASE CEEB,Divendres,18:00 h,PREINFANTIL,MIXT,2025-09-25,2025-09-25,Nivell E,"C. del Portell, 9 (Poliesportiu Virolai)",FUTBOL 5,3,,,jzabaleta@virolai.com
0,"Futsal Comtal ""C""",FUTBOL 5 LLIGA ABSOLUTA MIXT 1ª FASE CEEB,Divendres,21:15 h,SÈNIOR,MIXT,,2025-09-24,Nivell E,"Pg. Lluís Companys, 18",FUTBOL 5,Indiferent,,,futsalcomtal@gmail.com
0,"Acció Sant Martí ""A""",FUTBOL 5 BENJAMÍ MIXT 1ª FASE CEEB,Divendres,19:30 h,BENJAMÍ,MIXT,,2025-09-24,Nivell E,"C. Pujades, 252-270",FUTBOL 5,Casa,,,carlosvilapla@hotmail.com
1,Scala Dei - Futsal Dante,FUTBOL 5 ALEVÍ MIXT 1ª FASE CEEB,Divendres,19:00 h,ALEVÍ,MIXT,2025-09-29,2025-09-23,Nivell E,"Pg. Valldaura, 43-53",FUTBOL 5,Fora,,,direccio@futsaldante.com
1,Futsal Dante,FUTBOL 5 INFANTIL MIXT 1ª FASE CEEB,Divendres,19:30 h,INFANTIL,MIXT,2025-09-29,2025-09-23,Nivell E,"C. Immaculada, 25-35",FUTBOL 5,Fora,,,direccio@futsaldante.com
1,"Sant Peter´s School ""C""",FUTBOL 5 PREALEVÍ MIXT 1ª FASE CEEB,Divendres,18:00 h,PREALEVÍ,MIXT,2025-09-23,2025-09-23,Nivell C,"C. Ardena, 40-42",FUTBOL 5,Fora,,,farnau@stpeters.es
1,"Sant Peter´s School ""C""",FUTBOL 5 BENJAMÍ MIXT 1ª FASE CEEB,Divendres,18:00 h,BENJAMÍ,MIXT,2025-09-23,2025-09-23,Nivell C,"C. Ardena, 40-42",FUTBOL 5,Fora,,,farnau@stpeters.es
1,Col·legi Teresianes de Gràcia (A.E.V.G.),FUTBOL 5 LLIGA ABSOLUTA MIXT 1ª FASE CEEB,Dimecres,21:30 h,SÈNIOR,MIXT,2025-09-23,2025-09-23,Nivell E,"C. Vallespir, 198",FUTBOL 5,Fora,"a casa juguem els dimecres a les 21:30 h, però el sistema no m'ho permet posar.",,a.e.viladegracia@gmail.com
1,"Centre d'Estudis Montseny ""A""",FUTBOL 5 ALEVÍ MIXT 1ª FASE CEEB,Divendres,19:15 h,ALEVÍ,MIXT,2025-09-25,2025-09-23,Nivell D,"C. Pallars, 410",FUTBOL 5,1,,,bburgos@cemontseny.cat
1,Futbol Club Martinenc,FUTBOL 5 BENJAMÍ MIXT 1ª FASE CEEB,Divendres,19:00 h,BENJAMÍ,MIXT,,2025-09-23,Nivell E,"C. Varsòvia, 147-161",FUTBOL 5,Casa,,,despurz@gestioclub.cat
1,Torrent d'en Melis - Gestió Club,FUTBOL 5 ALEVÍ MIXT 1ª FASE CEEB,Divendres,18:00 h,ALEVÍ,MIXT,,2025-09-23,Nivell E,"C. Varsòvia, 147-161",FUTBOL 5,Fora,,,despurz@gestioclub.cat
1,Parc del Guinardó - Gestió Club,FUTBOL 5 BENJAMÍ MIXT 1ª FASE CEEB,Divendres,18:00 h,BENJAMÍ,MIXT,,2025-09-23,Nivell E,"C. Tenerife, s/n",FUTBOL 5,Casa,,,despurz@gestioclub.cat
1,Parc del Guinardó - Gestió Club,FUTBOL 5 ALEVÍ MIXT 1ª FASE CEEB,Divendres,18:00 h,ALEVÍ,MIXT,,2025-09-23,Nivell E,"C. Tenerife, s/n",FUTBOL 5,Fora,,,despurz@gestioclub.cat
1,Torrent d'en Melis - Gestió Club,FUTBOL 5 PREALEVÍ MIXT 1ª FASE CEEB,Divendres,18:00 h,PREALEVÍ,MIXT,,2025-09-23,Nivell E,"C. Varsòvia, 147-161",FUTBOL 5,Casa,,,despurz@gestioclub.cat
1,"Sant Peter´s School ""C""",FUTBOL 5 INFANTIL MIXT 1ª FASE CEEB,Divendres,20:00 h,INFANTIL,MIXT,2025-09-23,2025-09-23,Nivell C,"C. Ardena, 40-42",FUTBOL 5,Fora,,,farnau@stpeters.es
1,"Sant Peter´s School ""C""",FUTBOL 5 PREINFANTIL MIXT 1ª FASE CEEB,Divendres,19:00 h,PREINFANTIL,MIXT,2025-09-23,2025-09-23,Nivell C,"C. Ardena, 40-42",FUTBOL 5,Fora,,,farnau@stpeters.es
1,"Escola de Futbol Sala Sant Marc de Sarrià ""A""",FUTBOL 5 PREBENJAMÍ MIXT 1ª FASE CEEB,Divendres,18:00 h,PREBENJAMÍ,MIXT,2025-09-26,2025-09-23,Nivell D,"C. Carrasco i Formiguera, 12",FUTBOL 5,Casa,por favor que nos pongan colegios los mas cercanos posible,,ansenio@santmarc.com
1,"Escola Pia Balmes ""B""",FUTBOL 5 PREBENJAMÍ MIXT 1ª FASE CEEB,Divendres,18:00 h,PREBENJAMÍ,MIXT,2025-09-26,2025-09-22,Nivell C,"C. Balmes, 208-218",FUTBOL 5,8,,,ramon.verges@balmes.epiaedu.cat
1,"Escola Pia Balmes ""A""",FUTBOL 5 PREBENJAMÍ MIXT 1ª FASE CEEB,Divendres,18:00 h,PREBENJAMÍ,MIXT,2025-09-26,2025-09-22,Nivell C,"C. Balmes, 208-218",FUTBOL 5,4,,,ramon.verges@balmes.epiaedu.cat
0,"EB Vallcarca Nord (FBC) ""Blau""",FUTBOL 5 BENJAMÍ MIXT 1ª FASE CEEB,Divendres,18:15 h,BENJAMÍ,MIXT,,2025-09-22,Nivell E,"C. Gòlgota, 1",FUTBOL 5,,,,vallcarcanord.fbc@gmail.com
1,"CELH (CE Alheña) ""A""",FUTBOL 5 CADET FEMENÍ 1ª FASE CEEB,Dissabte,11:00 h,CADET,FEMENÍ,2025-09-29,2025-09-22,Nivell C,"C. Sant Pius, s/n",FUTBOL 5,Casa,,,cealhenya@gmail.com
0,"EB Vallcarca Nord (FBC) ""Blau""",FUTBOL 5 ALEVÍ MIXT 1ª FASE CEEB,Divendres,19:15 h,ALEVÍ,MIXT,,2025-09-22,Nivell E,"C. Gòlgota, 1",FUTBOL 5,,,,vallcarcanord.fbc@gmail.com
1,"Pam Roig (FPC CET 10) ""A""",FUTBOL 5 CADET MIXT 1ª FASE CEEB,Divendres,18:00 h,CADET,MIXT,,2025-09-22,Nivell E,"C. Pau Alsina, 25",FUTBOL 5,Fora,,,mperez@cet10.com
1,"Pam Roig (FPC CET 10) ""A""",FUTBOL 5 PREINFANTIL MIXT 1ª FASE CEEB,Divendres,18:00 h,PREINFANTIL,MIXT,,2025-09-22,Nivell E,"C. Pau Alsina, 25",FUTBOL 5,Casa,,,mperez@cet10.com
1,"Institut Caterina Albert (FPC CET 10) ""A""",FUTBOL 5 PREINFANTIL MIXT 1ª FASE CEEB,Divendres,18:00 h,PREINFANTIL,MIXT,,2025-09-22,Nivell E,"C. Provença, 590",FUTBOL 5,Casa,,,falemany@cet10.com
1,"Escola Brasil (FPC CET 10) ""A""",FUTBOL 5 BENJAMÍ MIXT 1ª FASE CEEB,Divendres,18:00 h,BENJAMÍ,MIXT,,2025-09-22,Nivell E,"C. Perú, 257 (cant. C. Josep Pla)",FUTBOL 5,Casa,,,mperez@cet10.com
1,"Escola Fructuós Gelabert (AE L'Eixample) ""A""",FUTBOL 5 PREALEVÍ MIXT 1ª FASE CEEB,Divendres,18:00 h,PREALEVÍ,MIXT,,2025-09-22,Nivell D,"C. Sardenya, 368",FUTBOL 5,1,,,Fructuosgelabert@ae-eixample.cat
1,"ACE Sansur ""A""",FUTBOL 5 CADET MIXT 1ª FASE CEEB,Dissabte,13:30 h,CADET,MIXT,2025-09-22,2025-09-22,Nivell C,"C. Roger, 52",FUTBOL 5,Casa,,,acesansur1979@gmail.com
1,"ACE Sansur ""A""",FUTBOL 5 PREINFANTIL FEMENÍ 1ª FASE CEEB,Dissabte,11:45 h,PREINFANTIL,FEMENÍ,2025-09-22,2025-09-22,Nivell C,"C. Roger, 52",FUTBOL 5,Casa,,,acesansur1979@gmail.com
1,"Futsal Dante ""Negre""",FUTBOL 5 PREBENJAMÍ MIXT 1ª FASE CEEB,Divendres,18:30 h,PREBENJAMÍ,MIXT,2025-09-29,2025-09-22,Nivell E,"Ptge. Ricard Zamora, 4-8",FUTBOL 5,Fora,,,direccio@futsaldante.com
1,Futsal Dante,FUTBOL 5 BENJAMÍ MIXT 1ª FASE CEEB,Divendres,19:30 h,BENJAMÍ,MIXT,2025-09-29,2025-09-22,Nivell C,"Ptge. Ricard Zamora, 4-8",FUTBOL 5,Fora,,,direccio@futsaldante.com
1,"Escola Pia Balmes ""A""",FUTBOL 5 ALEVÍ MIXT 1ª FASE CEEB,Divendres,20:00 h,ALEVÍ,MIXT,2025-09-26,2025-09-22,Nivell C,"C. Balmes, 208-218",FUTBOL 5,4,,,ramon.verges@balmes.epiaedu.cat
1,"Escola Pia Balmes ""A""",FUTBOL 5 PREALEVÍ MIXT 1ª FASE CEEB,Divendres,19:00 h,PREALEVÍ,MIXT,2025-09-26,2025-09-22,Nivell D,"C. Balmes, 208-218",FUTBOL 5,8,,,ramon.verges@balmes.epiaedu.cat
1,"Escola Pia Balmes ""B""",FUTBOL 5 PREALEVÍ MIXT 1ª FASE CEEB,Divendres,19:00 h,PREALEVÍ,MIXT,2025-09-26,2025-09-22,Nivell C,"C. Balmes, 208-218",FUTBOL 5,4,,,ramon.verges@balmes.epiaedu.cat
0,"Futsal Rosario Central ""B""",FUTBOL 5 LLIGA JOVE MIXT 1ª FASE CEEB,Divendres,20:00 h,SÈNIOR,MIXT,,2025-09-22,Nivell B,"Rbla. Prim, 217",FUTBOL 5,4,Coincidir amb equips BENJAMI/ALEVI,,fsrosariocentral@gmail.com
0,"Futsal Rosario Central ""A""",FUTBOL 5 LLIGA JOVE FEMENÍ 1ª FASE CEEB,Divendres,21:00 h,SÈNIOR,FEMENÍ,,2025-09-22,Nivell C,"Rbla. Prim, 217",FUTBOL 5,8,"Coincidir amb Lliga Jove Mixt ""A"" gràcies",,fsrosariocentral@gmail.com
0,"Futsal Rosario Central ""A""",FUTBOL 5 LLIGA JOVE MIXT 1ª FASE CEEB,Divendres,20:00 h,SÈNIOR,MIXT,,2025-09-22,Nivell C,"Rbla. Prim, 217",FUTBOL 5,8,"Coincidir en divendres tarda amb el FEMENI ""A"" lliga jove femeni.",,fsrosariocentral@gmail.com
1,"Escola Auró (AE L'Eixample) ""A""",FUTBOL 5 PREALEVÍ MIXT 1ª FASE CEEB,Divendres,18:30 h,PREALEVÍ,MIXT,,2025-09-22,Nivell C,"C. Mallorca, 106",FUTBOL 5,4,,,auro@ae-eixample.cat
1,"Escola Auró (AE L'Eixample) ""A""",FUTBOL 5 ALEVÍ MIXT 1ª FASE CEEB,Divendres,19:30 h,ALEVÍ,MIXT,,2025-09-22,Nivell C,"C. Mallorca, 106",FUTBOL 5,4,,,auro@ae-eixample.cat
1,"Escola Auró (AE L'Eixample) ""A""",FUTBOL 5 BENJAMÍ MIXT 1ª FASE CEEB,Divendres,19:30 h,BENJAMÍ,MIXT,,2025-09-22,Nivell C,"C. Mallorca, 106",FUTBOL 5,8,,,auro@ae-eixample.cat
1,"Escola Auró (AE L'Eixample) ""A""",FUTBOL 5 PREBENJAMÍ MIXT 1ª FASE CEEB,Divendres,18:30 h,PREBENJAMÍ,MIXT,,2025-09-22,Nivell D,"C. Mallorca, 106",FUTBOL 5,8,,,auro@ae-eixample.cat
0,Centre Montserrat-Xavier,FUTBOL 5 BENJAMÍ MIXT 1ª FASE CEEB,Divendres,18:00 h,BENJAMÍ,MIXT,,2025-09-22,Nivell E,"C. Ermengarda, 11-25",FUTBOL 5,Casa,,,cmx1904futsal@gmail.com
1,"Lycée Français de Gavà (Bon Soleil) ""B""",FUTBOL 5 BENJAMÍ MIXT 1ª FASE CEEB,Dissabte,12:00 h,BENJAMÍ,MIXT,,2025-09-22,Nivell D,"Camí de la Pava, 15",FUTBOL 5,Casa,,,deporte@bonsoleil.es
1,"Club Esportiu Terra Negra ""A""",FUTBOL 5 BENJAMÍ MIXT 1ª FASE CEEB,Dissabte,11:00 h,BENJAMÍ,MIXT,2025-09-23,2025-09-22,Nivell E,"C. Carrera, 25",FUTBOL 5,Casa,,,coordinacio@clubterranegra.com
1,"Club Esportiu Terra Negra ""A""",FUTBOL 5 INFANTIL MIXT 1ª FASE CEEB,Dissabte,12:00 h,INFANTIL,MIXT,2025-09-23,2025-09-22,Nivell C,"C. Carrera, 25",FUTBOL 5,Casa,,,coordinacio@clubterranegra.com
1,"Club Esportiu Terra Negra ""A""",FUTBOL 5 ALEVÍ MIXT 1ª FASE CEEB,Divendres,18:00 h,ALEVÍ,MIXT,2025-09-23,2025-09-22,Nivell E,"C. Carrera, 25",FUTBOL 5,Casa,Alternar sorteig amb Femení de Palmasec.,,coordinacio@clubterranegra.com
1,Col·legi SAFA Horta,FUTBOL 5 BENJAMÍ MIXT 1ª FASE CEEB,Divendres,19:00 h,BENJAMÍ,MIXT,,2025-09-22,Nivell E,"C. Peris i Mencheta, 26-46",FUTBOL 5,Casa,,,javiruiz_moreno@hotmail.com
1,Col·legi SAFA Horta,FUTBOL 5 ALEVÍ MIXT 1ª FASE CEEB,Dissabte,12:00 h,ALEVÍ,MIXT,,2025-09-22,Nivell E,"C. Peris i Mencheta, 26-46",FUTBOL 5,Fora,,,javiruiz_moreno@hotmail.com
1,CE Vincit-Provençalenc A,FUTBOL 5 BENJAMÍ MIXT 1ª FASE CEEB,Divendres,19:15 h,BENJAMÍ,MIXT,2025-09-24,2025-09-21,Nivell D,"C. Sardenya, 33-35",FUTBOL 5,Fora,,,cevincit@gmail.com
1,"CE Vincit-Provençalenc ""A""",FUTBOL 5 PREALEVÍ FEMENÍ 1ª FASE CEEB,Divendres,18:15 h,PREALEVÍ,FEMENÍ,2025-09-24,2025-09-21,Nivell C,"C. Sardenya, 33-35",FUTBOL 5,Fora,,,CEVINCIT@GMAIL.COM
1,"CE Vincit-Provençalenc ""C""",FUTBOL 5 BENJAMÍ MIXT 1ª FASE CEEB,Divendres,19:15 h,BENJAMÍ,MIXT,2025-09-24,2025-09-21,Nivell C,"C. Sardenya, 33-35",FUTBOL 5,Casa,,,CEVINCIT@GMAIL.COM
1,CE Vincit-Provençalenc B,FUTBOL 5 BENJAMÍ MIXT 1ª FASE CEEB,Divendres,18:00 h,BENJAMÍ,MIXT,2025-09-24,2025-09-21,Nivell B,"C. Nàpols, 42",FUTBOL 5,Fora,,,cevincit@gmail.com
1,CE Vincit-Provençalenc C,FUTBOL 5 ALEVÍ MIXT 1ª FASE CEEB,Divendres,19:00 h,ALEVÍ,MIXT,2025-09-24,2025-09-21,Nivell C,"C. Nàpols, 42",FUTBOL 5,Casa,,,cevincit@gmail.com
1,CE Vincit-Provençalenc B,FUTBOL 5 PREALEVÍ MIXT 1ª FASE CEEB,Divendres,18:00 h,PREALEVÍ,MIXT,2025-09-24,2025-09-21,Nivell B,"C. Nàpols, 42",FUTBOL 5,Casa,,,cevincit@gmail.com
1,CE Vincit-Provençalenc A,FUTBOL 5 MENUTS|MENUDES MIXT 1ª FASE CEEB,Divendres,18:00 h,MENUTS,MIXT,2025-09-24,2025-09-21,Nivell C,"C. Ausias March, 78",FUTBOL 5,Fora,,,cevincit@gmail.com
1,CE Vincit-Provençalenc A,FUTBOL 5 PREBENJAMÍ MIXT 1ª FASE CEEB,Divendres,18:00 h,PREBENJAMÍ,MIXT,2025-09-24,2025-09-21,Nivell B,"C. Ausias March, 78",FUTBOL 5,Fora,,,cevincit@gmail.com
1,CE Vincit-Provençalenc B,FUTBOL 5 PREBENJAMÍ MIXT 1ª FASE CEEB,Divendres,18:00 h,PREBENJAMÍ,MIXT,2025-09-24,2025-09-21,Nivell C,"C. Ausias March, 78",FUTBOL 5,Casa,,,cevincit@gmail.com
1,CE Vincit-Provençalenc D,FUTBOL 5 CADET MIXT 1ª FASE CEEB,Divendres,20:00 h,CADET,MIXT,2025-09-24,2025-09-21,Nivell C,"C. Ausias March, 78",FUTBOL 5,Fora,,,cevincit@gmail.com
1,CE Vincit-Provençalenc B,FUTBOL 5 ALEVÍ MIXT 1ª FASE CEEB,Divendres,19:00 h,ALEVÍ,MIXT,2025-09-24,2025-09-21,Nivell C,"C. Ausias March, 78",FUTBOL 5,Fora,,,cevincit@gmail.com
1,CE Vincit-Provençalenc A,FUTBOL 5 ALEVÍ FEMENÍ 1ª FASE CEEB,Divendres,19:00 h,ALEVÍ,FEMENÍ,2025-09-24,2025-09-21,Nivell B,"C. Llull, 3",FUTBOL 5,Casa,,,cevincit@gmail.com
1,CE Vincit-Provençalenc A,FUTBOL 5 PREALEVÍ MIXT 1ª FASE CEEB,Divendres,18:00 h,PREALEVÍ,MIXT,2025-09-24,2025-09-21,Nivell C,"C. Llull, 3",FUTBOL 5,Casa,,,cevincit@gmail.com
1,CE Vincit-Provençalenc D,FUTBOL 5 INFANTIL MIXT 1ª FASE CEEB,Divendres,20:00 h,INFANTIL,MIXT,2025-09-24,2025-09-21,Nivell C,"C. Llull, 3",FUTBOL 5,Casa,,,cevincit@gmail.com
1,"SEE APA Escola del Mar ""A""",FUTBOL 5 ALEVÍ MIXT 1ª FASE CEEB,Divendres,18:15 h,ALEVÍ,MIXT,2025-09-23,2025-09-20,Nivell E,"Av. de la Mare de Déu de Montserrat, 78-84",FUTBOL 5,7,,,estelesports@hotmail.com
1,"AI Estel Vallseca ""B""",FUTBOL 5 CADET FEMENÍ 1ª FASE CEEB,Divendres,19:15 h,CADET,FEMENÍ,2025-09-23,2025-09-20,Nivell E,"Av. de la Mare de Déu de Montserrat, 78-84",FUTBOL 5,7,,,estelesports@hotmail.com
1,"AI Estel Vallseca ""A""",FUTBOL 5 CADET FEMENÍ 1ª FASE CEEB,Divendres,20:15 h,CADET,FEMENÍ,2025-09-23,2025-09-20,Nivell C,"Av. de la Mare de Déu de Montserrat, 78-84",FUTBOL 5,7,,,estelesports@hotmail.com
1,"AI Estel Vallseca ""A""",FUTBOL 5 PREINFANTIL FEMENÍ 1ª FASE CEEB,Divendres,19:15 h,PREINFANTIL,FEMENÍ,2025-09-23,2025-09-20,Nivell E,"Av. de la Mare de Déu de Montserrat, 78-84",FUTBOL 5,3,,,estelesports@hotmail.com
1,"AI Estel Vallseca ""A""",FUTBOL 5 INFANTIL MIXT 1ª FASE CEEB,Divendres,20:15 h,INFANTIL,MIXT,2025-09-23,2025-09-20,Nivell E,"Av. de la Mare de Déu de Montserrat, 78-84",FUTBOL 5,3,,,estelesports@hotmail.com
1,"AI Estel Vallseca ""A""",FUTBOL 5 ALEVÍ FEMENÍ 1ª FASE CEEB,Divendres,18:15 h,ALEVÍ,FEMENÍ,2025-09-23,2025-09-20,Nivell E,"Av. de la Mare de Déu de Montserrat, 78-84",FUTBOL 5,3,,,estelesports@hotmail.com
1,"AI Estel Vallseca ""A""",FUTBOL 5 LLIGA ABSOLUTA MIXT 1ª FASE CEEB,Divendres,21:15 h,SÈNIOR,MIXT,2025-09-23,2025-09-20,Nivell A,"Av. de la Mare de Déu de Montserrat, 78-84",FUTBOL 5,3,,,estelesports@hotmail.com
0,"Club Esportiu Laietà (Futbol 5) ""A""",FUTBOL 5 CADET MIXT 1ª FASE CEEB,Divendres,20:15 h,CADET,MIXT,,2025-09-20,Nivell E,"C. Pintor Ribalta, 2-8",FUTBOL 5,Casa,,,david.raventos22@gmail.com
1,Institució Montserrat,FUTBOL 5 MENUDETS|MENUDETES MIXT 1ª FASE CEEB,Divendres,18:15 h,MENUDETS,MIXT,,2025-09-20,Nivell E,"C. Sant Crist, 60-66",FUTBOL 5,Fora,,,imfutbolsala@gmail.com
1,Institució Montserrat,FUTBOL 5 MENUTS|MENUDES MIXT 1ª FASE CEEB,Divendres,18:15 h,MENUTS,MIXT,,2025-09-20,Nivell E,"C. Sant Crist, 60-66",FUTBOL 5,Casa,,,imfutbolsala@gmail.com
1,Institució Montserrat,FUTBOL 5 PREBENJAMÍ MIXT 1ª FASE CEEB,Divendres,19:15 h,PREBENJAMÍ,MIXT,,2025-09-20,Nivell E,"C. Sant Crist, 60-66",FUTBOL 5,Casa,,,imfutbolsala@gmail.com
1,Institució Montserrat,FUTBOL 5 BENJAMÍ MIXT 1ª FASE CEEB,Divendres,19:15 h,BENJAMÍ,MIXT,,2025-09-20,Nivell E,"C. Sant Crist, 60-66",FUTBOL 5,Fora,,,imfutbolsala@gmail.com
1,Institució Montserrat,FUTBOL 5 ALEVÍ MIXT 1ª FASE CEEB,Divendres,20:15 h,ALEVÍ,MIXT,,2025-09-20,Nivell E,"C. Sant Crist, 60-66",FUTBOL 5,Casa,,,imfutbolsala@gmail.com
1,Institució Montserrat,FUTBOL 5 PREALEVÍ MIXT 1ª FASE CEEB,Divendres,20:15 h,PREALEVÍ,MIXT,,2025-09-20,Nivell E,"C. Sant Crist, 60-66",FUTBOL 5,Fora,,,imfutbolsala@gmail.com
1,CE Vincit-Provençalenc A,FUTBOL 5 PREINFANTIL MIXT 1ª FASE CEEB,Divendres,19:00 h,PREINFANTIL,MIXT,2025-09-24,2025-09-19,Nivell D,"C. Ausias March, 78",FUTBOL 5,Casa,,,cevincit@gmail.com
1,"CE Vincit-Provençalenc ""D""",FUTBOL 5 PREALEVÍ MIXT 1ª FASE CEEB,Divendres,19:00 h,PREALEVÍ,MIXT,2025-09-24,2025-09-19,Nivell D,"C. Llull, 3",FUTBOL 5,Fora,,,cevincit@gmail.com
1,CE Vincit-Provençalenc C,FUTBOL 5 PREALEVÍ MIXT 1ª FASE CEEB,Divendres,18:00 h,PREALEVÍ,MIXT,2025-09-24,2025-09-19,Nivell C,"C. Llull, 3",FUTBOL 5,Fora,,,CEVINCIT@GMAIL.COM
0,"Club Esportiu Laietà (Futbol 5) ""A""",FUTBOL 5 MENUDETS|MENUDETES MIXT 1ª FASE CEEB,Dissabte,09:30 h,MENUDETS,MIXT,,2025-09-19,Nivell C,"C. Pintor Ribalta, 2-8",FUTBOL 5,Casa,,,polchepla@gmail.com
0,"Club Esportiu Laietà (Futbol 5) ""A""",FUTBOL 5 MENUTS|MENUDES MIXT 1ª FASE CEEB,Dissabte,10:30 h,MENUTS,MIXT,,2025-09-19,Nivell E,"C. Pintor Ribalta, 2-8",FUTBOL 5,Casa,,,frankilaieta@gmail.com
0,"Club Esportiu Laietà (Futbol 5) ""A""",FUTBOL 5 PREBENJAMÍ MIXT 1ª FASE CEEB,Divendres,18:15 h,PREBENJAMÍ,MIXT,,2025-09-19,Nivell C,"C. Pintor Ribalta, 2-8",FUTBOL 5,Fora,,,lle2pau@gmail.com
0,"Centre Eines ""A""",FUTBOL 5 LLIGA JOVE FEMENÍ 1ª FASE CEEB,Divendres,21:00 h,SÈNIOR,FEMENÍ,,2025-09-19,Nivell B,"C. Immaculada, 25-35",FUTBOL 5,,,,jboteydurich@gmail.com
1,"Lycée Français de Gavà (Bon Soleil) ""B""",FUTBOL 5 PREBENJAMÍ MIXT 1ª FASE CEEB,Dissabte,11:00 h,PREBENJAMÍ,MIXT,,2025-09-19,Nivell E,"Camí de la Pava, 15",FUTBOL 5,Casa,,,deporte@bonsoleil.es
1,"Lycée Français de Gavà (Bon Soleil) ""A""",FUTBOL 5 PREBENJAMÍ MIXT 1ª FASE CEEB,Dissabte,11:00 h,PREBENJAMÍ,MIXT,,2025-09-19,Nivell C,"Camí de la Pava, 15",FUTBOL 5,Casa,,,deporte@bonsoleil.es
1,"Lycée Français de Gavà (Bon Soleil) ""A""",FUTBOL 5 MENUTS|MENUDES MIXT 1ª FASE CEEB,Dissabte,10:00 h,MENUTS,MIXT,,2025-09-19,Nivell A,"Camí de la Pava, 15",FUTBOL 5,Casa,,,deporte@bonsoleil.es
1,"Lycée Français de Gavà (Bon Soleil) ""C""",FUTBOL 5 PREBENJAMÍ MIXT 1ª FASE CEEB,Dissabte,10:00 h,PREBENJAMÍ,MIXT,,2025-09-19,Nivell C,"Camí de la Pava, 15",FUTBOL 5,Casa,,,deporte@bonsoleil.es
1,"Lycée Français de Gavà (Bon Soleil) ""A""",FUTBOL 5 PREINFANTIL MIXT 1ª FASE CEEB,Dissabte,09:00 h,PREINFANTIL,MIXT,,2025-09-19,Nivell B,"Camí de la Pava, 15",FUTBOL 5,Casa,,,deporte@bonsoleil.es
1,"Lycée Français de Gavà (Bon Soleil) ""A""",FUTBOL 5 JUVENIL MIXT 1ª FASE CEEB,Divendres,19:00 h,JUVENIL,MIXT,,2025-09-19,Nivell A,"Camí de la Pava, 15",FUTBOL 5,Casa,,,deporte@bonsoleil.es
1,"Lycée Français de Gavà (Bon Soleil) ""A""",FUTBOL 5 CADET MIXT 1ª FASE CEEB,Divendres,20:00 h,CADET,MIXT,,2025-09-19,Nivell B,"Camí de la Pava, 15",FUTBOL 5,Casa,,,deporte@bonsoleil.es
1,"Lycée Français de Gavà (Bon Soleil) ""A""",FUTBOL 5 PREALEVÍ MIXT 1ª FASE CEEB,Divendres,18:00 h,PREALEVÍ,MIXT,,2025-09-19,Nivell C,"Camí de la Pava, 15",FUTBOL 5,Casa,,,deporte@bonsoleil.es
1,"Lycée Français de Gavà (Bon Soleil) ""A""",FUTBOL 5 INFANTIL MIXT 1ª FASE CEEB,Divendres,20:00 h,INFANTIL,MIXT,,2025-09-19,Nivell A,"Camí de la Pava, 15",FUTBOL 5,Fora,,,deporte@bonsoleil.es
1,"Lycée Français de Gavà (Bon Soleil) ""A""",FUTBOL 5 ALEVÍ MIXT 1ª FASE CEEB,Divendres,19:00 h,ALEVÍ,MIXT,,2025-09-19,Nivell C,"Camí de la Pava, 15",FUTBOL 5,Fora,,,deporte@bonsoleil.es
1,"Lycée Français de Gavà (Bon Soleil) ""A""",FUTBOL 5 BENJAMÍ MIXT 1ª FASE CEEB,Divendres,18:00 h,BENJAMÍ,MIXT,,2025-09-19,Nivell A,"Camí de la Pava, 15",FUTBOL 5,Fora,,,deporte@bonsoleil.es
1,"Institut Ernest Lluch (AE L'Eixample) ""A""",FUTBOL 5 LLIGA JOVE MIXT 1ª FASE CEEB,Divendres,19:15 h,SÈNIOR,MIXT,,2025-09-19,Nivell C,"C. Diputació, 17-19",FUTBOL 5,4,,,joanmiro@ae-eixample.cat
1,"Institut Ernest Lluch (AE L'Eixample) ""B""",FUTBOL 5 JUVENIL MIXT 1ª FASE CEEB,Divendres,18:15 h,JUVENIL,MIXT,,2025-09-19,Nivell C,"C. Diputació, 17-19",FUTBOL 5,4,,,joanmiro@ae-eixample.cat
1,"Institut Ernest Lluch (AE L'Eixample) ""A""",FUTBOL 5 JUVENIL MIXT 1ª FASE CEEB,Divendres,19:15 h,JUVENIL,MIXT,,2025-09-19,Nivell C,"C. Diputació, 17-19",FUTBOL 5,4,,,joanmiro@ae-eixample.cat
1,"Institut Ernest Lluch (AE L'Eixample) ""A""",FUTBOL 5 INFANTIL MIXT 1ª FASE CEEB,Divendres,19:00 h,INFANTIL,MIXT,,2025-09-19,Nivell C,"C. Aragó, 2",FUTBOL 5,4,,,joanmiro@ae-eixample.cat
1,"Institut Ernest Lluch (AE L'Eixample) ""A""",FUTBOL 5 PREINFANTIL MIXT 1ª FASE CEEB,Divendres,19:00 h,PREINFANTIL,MIXT,,2025-09-19,Nivell C,"C. Aragó, 2",FUTBOL 5,4,,,joanmiro@ae-eixample.cat
1,"Escola Joan Miró (AE L'Eixample) ""A""",FUTBOL 5 PREALEVÍ MIXT 1ª FASE CEEB,Divendres,18:15 h,PREALEVÍ,MIXT,,2025-09-19,Nivell C,"C. Diputació, 17-19",FUTBOL 5,4,,,joanmiro@ae-eixample.cat
1,"Escola Joan Miró (AE L'Eixample) ""A""",FUTBOL 5 BENJAMÍ MIXT 1ª FASE CEEB,Divendres,18:00 h,BENJAMÍ,MIXT,,2025-09-19,Nivell C,"C. Aragó, 2",FUTBOL 5,4,,,joanmiro@ae-eixample.cat
1,"Escola Joan Miró (AE L'Eixample) ""A""",FUTBOL 5 PREBENJAMÍ MIXT 1ª FASE CEEB,Divendres,18:00 h,PREBENJAMÍ,MIXT,,2025-09-19,Nivell C,"C. Aragó, 2",FUTBOL 5,4,,,joanmiro@ae-eixample.cat
1,Futsal Dante,FUTBOL 5 PREBENJAMÍ MIXT 1ª FASE CEEB,Divendres,18:30 h,PREBENJAMÍ,MIXT,2025-09-29,2025-09-19,Nivell C,"Ptge. Ricard Zamora, 4-8",FUTBOL 5,Casa,,,direccio@futsaldante.com
1,Futsal Dante,FUTBOL 5 ALEVÍ MIXT 1ª FASE CEEB,Divendres,19:30 h,ALEVÍ,MIXT,2025-09-29,2025-09-19,Nivell A,"Ptge. Ricard Zamora, 4-8",FUTBOL 5,Casa,,,direccio@futsaldante.com
1,"ACE Sansur ""A""",FUTBOL 5 PREINFANTIL MIXT 1ª FASE CEEB,Dissabte,18:30 h,PREINFANTIL,MIXT,2025-09-22,2025-09-18,Nivell A,"C. Roger, 52",FUTBOL 5,Casa,,,acesansur1979@gmail.com
1,"Escola Pràctiques (AE L'Eixample) ""A""",FUTBOL 5 ALEVÍ MIXT 1ª FASE CEEB,Divendres,18:30 h,ALEVÍ,MIXT,,2025-09-18,Nivell E,"C. Guitard, 8",FUTBOL 5,5,,,practiques@ae-eixample.cat
1,"Escola Pràctiques (AE L'Eixample) ""A""",FUTBOL 5 BENJAMÍ MIXT 1ª FASE CEEB,Divendres,19:30 h,BENJAMÍ,MIXT,,2025-09-18,Nivell E,"C. Guitard, 8",FUTBOL 5,1,,,practiques@ae-eixample.cat
1,"Escola Pràctiques (AE L'Eixample) ""A""",FUTBOL 5 PREBENJAMÍ MIXT 1ª FASE CEEB,Divendres,18:30 h,PREBENJAMÍ,MIXT,,2025-09-18,Nivell E,"C. Guitard, 8",FUTBOL 5,1,,,practiques@ae-eixample.cat
1,"ACE Sansur ""D""",FUTBOL 5 INFANTIL MIXT 1ª FASE CEEB,Divendres,18:00 h,INFANTIL,MIXT,2025-09-22,2025-09-18,Nivell C,"Parc de l'Espanya Industrial, s/n",FUTBOL 5,Fora,,,acesansur1979@gmail.com
0,"Club Esportiu Laietà (Futbol 5) ""A""",FUTBOL 5 BENJAMÍ MIXT 1ª FASE CEEB,Divendres,18:15 h,BENJAMÍ,MIXT,,2025-09-18,Nivell C,"C. Pintor Ribalta, 2-8",FUTBOL 5,Casa,,,janligugomi@gmail.com
0,"Club Esportiu Laietà (Futbol 5) ""A""",FUTBOL 5 INFANTIL MIXT 1ª FASE CEEB,Divendres,20:15 h,INFANTIL,MIXT,,2025-09-18,Nivell D,"C. Pintor Ribalta, 2-8",FUTBOL 5,Casa,,,david.raventos22@gmail.com
0,"Club Esportiu Laietà (Futbol 5) ""Vermell""",FUTBOL 5 ALEVÍ MIXT 1ª FASE CEEB,Divendres,19:15 h,ALEVÍ,MIXT,,2025-09-18,Nivell E,"C. Pintor Ribalta, 2-8",FUTBOL 5,Fora,,,alexgoncalvesp@gmail.com
0,"Club Esportiu Laietà (Futbol 5) ""Blau""",FUTBOL 5 ALEVÍ MIXT 1ª FASE CEEB,Divendres,19:15 h,ALEVÍ,MIXT,,2025-09-18,Nivell C,"C. Pintor Ribalta, 2-8",FUTBOL 5,Casa,,,frankilaieta@gmail.com
0,"Centre Montserrat-Xavier ""A""",FUTBOL 5 LLIGA JOVE FEMENÍ 1ª FASE CEEB,Divendres,20:00 h,SÈNIOR,FEMENÍ,,2025-09-18,Nivell A,"C. Ermengarda, 11-25",FUTBOL 5,Casa,,,cmx1904futsal@gmail.com
0,Centre Montserrat-Xavier,FUTBOL 5 LLIGA JOVE FEMENÍ 1ª FASE CEEB,Divendres,20:00 h,SÈNIOR,FEMENÍ,,2025-09-18,Nivell E,"C. Ermengarda, 11-25",FUTBOL 5,Casa,,,cmx1904futsal@gmail.com
1,"Jesuïtes Casp ""B""",FUTBOL 5 ALEVÍ MIXT 1ª FASE CEEB,Dissabte,12:30 h,ALEVÍ,MIXT,2025-09-25,2025-09-18,Nivell D,"C. Roger de Llúria, 19",FUTBOL 5,3,,,aecaspfutsal@gmail.com
1,"Jesuïtes Casp ""A""",FUTBOL 5 BENJAMÍ MIXT 1ª FASE CEEB,Dissabte,11:15 h,BENJAMÍ,MIXT,2025-09-25,2025-09-18,Nivell B,"C. Roger de Llúria, 19",FUTBOL 5,3,,,aecaspfutsal@gmail.com
1,EVEREST Prosperitat J,FUTBOL 5 PREBENJAMÍ MIXT 1ª FASE CEEB,Dissabte,10:45 h,PREBENJAMÍ,MIXT,,2025-09-18,Nivell B,"C. Baltasar Gracian, 9-15",FUTBOL 5,,"ATENDRE LLISTAT DE PETICIÓ PELS CALENDARIS. 6 EQUIPS UN DISSABTE (MENUTS I, MENUTS J, PREBENJAMIN J, PREBENJAMI D, ALEVI FEMENI, CADET FEMENI) 5 EQUIPS EL SEGÜENT DISSABTE (PREALEVI A, PEALEVI F, BENJAMI P, ALEVI E, INFANTIL B)",,j.lerma.valero@gmail.com
1,EVEREST Prosperitat D,FUTBOL 5 PREBENJAMÍ MIXT 1ª FASE CEEB,Dissabte,11:45 h,PREBENJAMÍ,MIXT,,2025-09-18,Nivell B,"C. Baltasar Gracian, 9-15",FUTBOL 5,,"ATENDRE LLISTAT DE PETICIÓ PELS CALENDARIS. 6 EQUIPS UN DISSABTE (MENUTS I, MENUTS J, PREBENJAMIN J, PREBENJAMI D, ALEVI FEMENI, CADET FEMENI) 5 EQUIPS EL SEGÜENT DISSABTE (PREALEVI A, PEALEVI F, BENJAMI P, ALEVI E, INFANTIL B)",,j.lerma.valero@gmail.com
1,EVEREST Prosperitat P,FUTBOL 5 BENJAMÍ MIXT 1ª FASE CEEB,Dissabte,11:00 h,BENJAMÍ,MIXT,,2025-09-18,Nivell B,"C. Baltasar Gracian, 9-15",FUTBOL 5,,"ATENDRE LLISTAT DE PETICIÓ PELS CALENDARIS. 6 EQUIPS UN DISSABTE (MENUTS I, MENUTS J, PREBENJAMIN J, PREBENJAMI D, ALEVI FEMENI, CADET FEMENI) 5 EQUIPS EL SEGÜENT DISSABTE (PREALEVI A, PEALEVI F, BENJAMI P, ALEVI E, INFANTIL B)",,j.lerma.valero@gmail.com
1,EVEREST Prosperitat,FUTBOL 5 ALEVÍ FEMENÍ 1ª FASE CEEB,Dissabte,12:45 h,ALEVÍ,FEMENÍ,,2025-09-18,Nivell B,"C. Baltasar Gracian, 9-15",FUTBOL 5,,"ATENDRE LLISTAT DE PETICIÓ PELS CALENDARIS. 6 EQUIPS UN DISSABTE (MENUTS I, MENUTS J, PREBENJAMIN J, PREBENJAMI D, ALEVI FEMENI, CADET FEMENI) 5 EQUIPS EL SEGÜENT DISSABTE (PREALEVI A, PEALEVI F, BENJAMI P, ALEVI E, INFANTIL B)",,j.lerma.valero@gmail.com
1,EVEREST Prosperitat,FUTBOL 5 CADET FEMENÍ 1ª FASE CEEB,Dissabte,13:45 h,CADET,FEMENÍ,,2025-09-18,Nivell B,"C. Baltasar Gracian, 9-15",FUTBOL 5,,"ATENDRE LLISTAT DE PETICIÓ PELS CALENDARIS. 6 EQUIPS UN DISSABTE (MENUTS I, MENUTS J, PREBENJAMIN J, PREBENJAMI D, ALEVI FEMENI, CADET FEMENI) 5 EQUIPS EL SEGÜENT DISSABTE (PREALEVI A, PEALEVI F, BENJAMI P, ALEVI E, INFANTIL B)",,j.lerma.valero@gmail.com
1,EVEREST Prosperitat B,FUTBOL 5 INFANTIL MIXT 1ª FASE CEEB,Dissabte,13:00 h,INFANTIL,MIXT,,2025-09-18,Nivell B,"C. Baltasar Gracian, 9-15",FUTBOL 5,,"ATENDRE LLISTAT DE PETICIÓ PELS CALENDARIS. 6 EQUIPS UN DISSABTE (MENUTS I, MENUTS J, PREBENJAMIN J, PREBENJAMI D, ALEVI FEMENI, CADET FEMENI) 5 EQUIPS EL SEGÜENT DISSABTE (PREALEVI A, PEALEVI F, BENJAMI P, ALEVI E, INFANTIL B)",,j.lerma.valero@gmail.com
1,EVEREST Prosperitat A,FUTBOL 5 PREALEVÍ MIXT 1ª FASE CEEB,Dissabte,09:00 h,PREALEVÍ,MIXT,,2025-09-18,Nivell B,"C. Baltasar Gracian, 9-15",FUTBOL 5,,"ATENDRE LLISTAT DE PETICIÓ PELS CALENDARIS. 6 EQUIPS UN DISSABTE (MENUTS I, MENUTS J, PREBENJAMIN J, PREBENJAMI D, ALEVI FEMENI, CADET FEMENI) 5 EQUIPS EL SEGÜENT DISSABTE (PREALEVI A, PEALEVI F, BENJAMI P, ALEVI E, INFANTIL B)",,j.lerma.valero@gmail.com
1,EVEREST Prosperitat F,FUTBOL 5 PREALEVÍ MIXT 1ª FASE CEEB,Dissabte,10:00 h,PREALEVÍ,MIXT,,2025-09-18,Nivell B,"C. Baltasar Gracian, 9-15",FUTBOL 5,,"ATENDRE LLISTAT DE PETICIÓ PELS CALENDARIS. 6 EQUIPS UN DISSABTE (MENUTS I, MENUTS J, PREBENJAMIN J, PREBENJAMI D, ALEVI FEMENI, CADET FEMENI) 5 EQUIPS EL SEGÜENT DISSABTE (PREALEVI A, PEALEVI F, BENJAMI P, ALEVI E, INFANTIL B)",,j.lerma.valero@gmail.com
1,EVEREST Prosperitat I,FUTBOL 5 MENUTS|MENUDES MIXT 1ª FASE CEEB,Dissabte,09:00 h,MENUTS,MIXT,,2025-09-18,Nivell B,"C. Baltasar Gracian, 9-15",FUTBOL 5,,"ATENDRE LLISTAT DE PETICIÓ PELS CALENDARIS. 6 EQUIPS UN DISSABTE (MENUTS I, MENUTS J, PREBENJAMIN J, PREBENJAMI D, ALEVI FEMENI, CADET FEMENI) 5 EQUIPS EL SEGÜENT DISSABTE (PREALEVI A, PEALEVI F, BENJAMI P, ALEVI E, INFANTIL B)",,j.lerma.valero@gmail.com
1,EVEREST Prosperitat J,FUTBOL 5 MENUTS|MENUDES MIXT 1ª FASE CEEB,Dissabte,10:00 h,MENUTS,MIXT,,2025-09-18,Nivell B,"C. Baltasar Gracian, 9-15",FUTBOL 5,,"ATENDRE LLISTAT DE PETICIÓ PELS CALENDARIS. 6 EQUIPS UN DISSABTE (MENUTS I, MENUTS J, PREBENJAMIN J, PREBENJAMI D, ALEVI FEMENI, CADET FEMENI) 5 EQUIPS EL SEGÜENT DISSABTE (PREALEVI A, PEALEVI F, BENJAMI P, ALEVI E, INFANTIL B)",,j.lerma.valero@gmail.com
1,"ACE Sansur ""A""",FUTBOL 5 ALEVÍ MIXT 1ª FASE CEEB,Divendres,18:00 h,ALEVÍ,MIXT,2025-09-22,2025-09-18,Nivell C,"Parc de l'Espanya Industrial, s/n",FUTBOL 5,Casa,,,acesansur1979@gmail.com
1,"ACE Sansur ""A""",FUTBOL 5 PREALEVÍ MIXT 1ª FASE CEEB,Divendres,18:30 h,PREALEVÍ,MIXT,2025-09-22,2025-09-18,Nivell C,"Plaça Olzinelles, 11 (plaça bonet i muixí, 5)",FUTBOL 5,Casa,,,acesansur1979@gmail.com
1,"ACE Sansur ""A""",FUTBOL 5 BENJAMÍ MIXT 1ª FASE CEEB,Dissabte,11:30 h,BENJAMÍ,MIXT,2025-09-22,2025-09-18,Nivell C,"Plaça Olzinelles, 11 (plaça bonet i muixí, 5)",FUTBOL 5,Casa,,,acesansur1979@gmail.com
1,"ACE Sansur ""A""",FUTBOL 5 PREBENJAMÍ MIXT 1ª FASE CEEB,Dissabte,10:30 h,PREBENJAMÍ,MIXT,2025-09-22,2025-09-18,Nivell C,"Plaça Olzinelles, 11 (plaça bonet i muixí, 5)",FUTBOL 5,Casa,,,acesansur1979@gmail.com
0,Escola Josep Mº Jujol (Valors IPP),FUTBOL 5 ALEVÍ MIXT 1ª FASE CEEB,Divendres,19:30 h,ALEVÍ,MIXT,,2025-09-18,Nivell E,"C. Neptú, 8",FUTBOL 5,Casa,,,cordactivjujol@gmail.com
0,Escola Josep Mº Jujol (Valors IPP),FUTBOL 5 PREBENJAMÍ MIXT 1ª FASE CEEB,Divendres,18:30 h,PREBENJAMÍ,MIXT,,2025-09-18,Nivell E,"C. Neptú, 8",FUTBOL 5,Casa,,,cordactivjujol@gmail.com
0,Escola Josep Mº Jujol (Valors IPP),FUTBOL 5 BENJAMÍ MIXT 1ª FASE CEEB,Divendres,18:30 h,BENJAMÍ,MIXT,,2025-09-18,Nivell E,"C. Neptú, 8",FUTBOL 5,Fora,,,cordactivjujol@gmail.com
0,Escola Josep Mº Jujol (Valors IPP),FUTBOL 5 PREALEVÍ MIXT 1ª FASE CEEB,Divendres,19:30 h,PREALEVÍ,MIXT,,2025-09-18,Nivell E,"C. Neptú, 8",FUTBOL 5,Fora,,,cordactivjujol@gmail.com
1,Escola Tabor (CEM Sagrada Familia),FUTBOL 5 ALEVÍ MIXT 1ª FASE CEEB,Dissabte,10:00 h,ALEVÍ,MIXT,2025-09-19,2025-09-18,Nivell C,"C. Cartagena, 231-239",FUTBOL 5,Fora,,,daniruiz275@gmail.com
1,Escola Tabor (CEM Sagrada Familia),FUTBOL 5 PREALEVÍ MIXT 1ª FASE CEEB,Dissabte,09:00 h,PREALEVÍ,MIXT,2025-09-19,2025-09-18,Nivell C,"C. Cartagena, 231-239",FUTBOL 5,Fora,,,pohumo12@gmail.com
1,Escola Tabor (CEM Sagrada Familia),FUTBOL 5 BENJAMÍ MIXT 1ª FASE CEEB,Dissabte,09:00 h,BENJAMÍ,MIXT,2025-09-19,2025-09-18,Nivell C,"C. Cartagena, 231-239",FUTBOL 5,Casa,,,cgiraldo88@gmail.com
1,Coret AE,FUTBOL 5 LLIGA ABSOLUTA MIXT 1ª FASE CEEB,Diumenge,11:00 h,SÈNIOR,MIXT,2025-09-22,2025-09-18,Nivell C,"Pl. Voluntaris Olímpics, 3",FUTBOL 5,,,,jorgehr8@gmail.com
1,CE Vincit-Provençalenc B,FUTBOL 5 JUVENIL FEMENÍ 1ª FASE CEEB,Divendres,20:00 h,JUVENIL,FEMENÍ,2025-09-24,2025-09-17,Nivell D,"Pg. Lluís Companys, 18",FUTBOL 5,Fora,,,cevincit@gmail.com
1,CE Vincit-Provençalenc,FUTBOL 5 INFANTIL FEMENÍ 1ª FASE CEEB,Divendres,19:00 h,INFANTIL,FEMENÍ,2025-09-24,2025-09-17,Nivell C,"C. Nàpols, 42",FUTBOL 5,Fora,,,cevincit@gmail.com
0,Trinitat Unió Esportiva,VOLEIBOL LLIGA JOVE MIXT 1ª FASE CEEB,Dissabte,09:00 h,SÈNIOR,MIXT,2025-09-27,2025-09-17,Nivell C,C. Chafarines (cant. C. Pedrosa),VOLEIBOL,Indiferent,,AMISTÓS FUTBOL 5,andres12topu@gmail.com
1,"AF Sant Antoni Futsal ""A""",FUTBOL 5 ALEVÍ MIXT 1ª FASE CEEB,Divendres,19:15 h,ALEVÍ,MIXT,2025-09-17,2025-09-17,Nivell E,"C. Comte Borrell, 21-25",FUTBOL 5,Fora,,,lluiscubero98@gmail.com
1,"AF Sant Antoni Futsal ""A""",FUTBOL 5 BENJAMÍ MIXT 1ª FASE CEEB,Divendres,19:15 h,BENJAMÍ,MIXT,2025-09-17,2025-09-17,Nivell E,"C. Comte Borrell, 21-25",FUTBOL 5,Casa,,,lluiscubero98@gmail.com
1,"AF Sant Antoni Futsal ""A""",FUTBOL 5 PREBENJAMÍ MIXT 1ª FASE CEEB,Divendres,18:15 h,PREBENJAMÍ,MIXT,2025-09-17,2025-09-17,Nivell E,"C. Comte Borrell, 21-25",FUTBOL 5,Casa,,,lluiscubero98@gmail.com
0,Col·legi Maristes Sants-Les Corts,FUTBOL 5 PREBENJAMÍ MIXT 1ª FASE CEEB,Divendres,18:00 h,PREBENJAMÍ,MIXT,,2025-09-17,Nivell E,"C. Olzinelles, 6",FUTBOL 5,Casa,,,alexbm@maristes.com
0,Col·legi Maristes Sants-Les Corts,FUTBOL 5 PREALEVÍ MIXT 1ª FASE CEEB,Divendres,18:00 h,PREALEVÍ,MIXT,,2025-09-17,Nivell E,"C. Olzinelles, 6",FUTBOL 5,Fora,,,alexb@maristes.com
0,Col·legi Maristes Sants-Les Corts,FUTBOL 5 MENUDETS|MENUDETES MIXT 1ª FASE CEEB,Divendres,18:00 h,MENUDETS,MIXT,,2025-09-17,Nivell E,"C. Olzinelles, 6",FUTBOL 5,,,,alexbm@maristes.com
1,"Escola Carlit (AE L'Eixample) ""A""",FUTBOL 5 PREALEVÍ MIXT 1ª FASE CEEB,Divendres,19:15 h,PREALEVÍ,MIXT,,2025-09-17,Nivell C,"C. Roger de Flor, 162",FUTBOL 5,5,,,carlit@ae-eixample.cat
1,"Escola Carlit (AE L'Eixample) ""A""",FUTBOL 5 PREBENJAMÍ MIXT 1ª FASE CEEB,Divendres,18:15 h,PREBENJAMÍ,MIXT,,2025-09-17,Nivell C,"C. Roger de Flor, 162",FUTBOL 5,5,,,carlit@ae-eixample.cat
1,"AFA Escola Taber (AE Can Caralleu) ""Vermell""",FUTBOL 5 PREALEVÍ MIXT 1ª FASE CEEB,Divendres,18:00 h,PREALEVÍ,MIXT,,2025-09-17,Nivell D,"C. dels Esports, 2-8",FUTBOL 5,5,,,mtrabal@cancaralleu.cat
1,"AFA Escola Taber (AE Can Caralleu) ""Vermell""",FUTBOL 5 ALEVÍ FEMENÍ 1ª FASE CEEB,Divendres,18:00 h,ALEVÍ,FEMENÍ,,2025-09-17,Nivell C,"C. dels Esports, 2-8",FUTBOL 5,5,,,mtrabal@cancaralleu.cat
1,"AFA Escola Taber (AE Can Caralleu) ""Vermell""",FUTBOL 5 BENJAMÍ FEMENÍ 1ª FASE CEEB,Divendres,18:00 h,BENJAMÍ,FEMENÍ,,2025-09-17,Nivell C,"C. dels Esports, 2-8",FUTBOL 5,1,,,mtrabal@cancaralleu.cat
1,"Escola Nabí ""A""",FUTBOL 5 ALEVÍ MIXT 1ª FASE CEEB,Divendres,19:00 h,ALEVÍ,MIXT,2025-09-26,2025-09-17,Nivell C,"C. Elisa Moragas, 38",FUTBOL 5,Casa,,,rgalban@escolanabi.org
1,"OAK House British School ""A""",FUTBOL 5 JUVENIL MIXT 1ª FASE CEEB,Divendres,20:00 h,JUVENIL,MIXT,,2025-09-17,Nivell C,"C. Sant Pere Claver, 12-18",FUTBOL 5,1,LLIGA DELS DIVENDRES,,d.batallanos@gmail.com
1,"Escola Nabí ""A""",FUTBOL 5 PREALEVÍ MIXT 1ª FASE CEEB,Divendres,18:00 h,PREALEVÍ,MIXT,2025-09-26,2025-09-17,Nivell C,"C. Elisa Moragas, 38",FUTBOL 5,Casa,,,rgalban@escolanabi.org
1,"OAK House British School ""A""",FUTBOL 5 CADET MIXT 1ª FASE CEEB,Divendres,20:00 h,CADET,MIXT,,2025-09-17,Nivell D,"C. Sant Pere Claver, 12-18",FUTBOL 5,5,LLIGA DELS DISSABTES,,nachomuca1987@gmail.com
1,"OAK House British School ""A""",FUTBOL 5 INFANTIL MIXT 1ª FASE CEEB,Divendres,20:00 h,INFANTIL,MIXT,,2025-09-17,Nivell D,"C. Sant Pere Claver, 12-18",FUTBOL 5,5,LLIGA DELS DIVENDRES,,pepruiz85@gmail.com
1,"OAK House British School ""A""",FUTBOL 5 PREINFANTIL FEMENÍ 1ª FASE CEEB,Divendres,19:00 h,PREINFANTIL,FEMENÍ,,2025-09-17,Nivell D,"C. Sant Pere Claver, 12-18",FUTBOL 5,1,LLIGA DELS DIVENDRES,,daniarrufat@icloud.com
1,"OAK House British School ""A""",FUTBOL 5 ALEVÍ MIXT 1ª FASE CEEB,Divendres,19:00 h,ALEVÍ,MIXT,,2025-09-17,Nivell C,"C. Sant Pere Claver, 12-18",FUTBOL 5,5,LLIGA DELS DIVENDRES,,nachomuca1987@gmail.com
1,"OAK House British School ""A""",FUTBOL 5 PREALEVÍ MIXT 1ª FASE CEEB,Divendres,19:00 h,PREALEVÍ,MIXT,,2025-09-17,Nivell C,"C. Sant Pere Claver, 12-18",FUTBOL 5,1,LLIGA DELS DIVENDRES,,xasps@hotmail.com
1,"OAK House British School ""B""",FUTBOL 5 BENJAMÍ MIXT 1ª FASE CEEB,Divendres,18:00 h,BENJAMÍ,MIXT,,2025-09-17,Nivell C,"C. Sant Pere Claver, 12-18",FUTBOL 5,5,lLLIGA DELS DIVENDRES,,ahernando@oakhouseschool.com
1,"OAK House British School ""A""",FUTBOL 5 BENJAMÍ MIXT 1ª FASE CEEB,Divendres,18:00 h,BENJAMÍ,MIXT,,2025-09-17,Nivell C,"C. Sant Pere Claver, 12-18",FUTBOL 5,5,LLIGA DELS DIVENDRES,,toni.lozano3@gmail.com
1,"OAK House British School ""B""",FUTBOL 5 PREBENJAMÍ MIXT 1ª FASE CEEB,Divendres,18:00 h,PREBENJAMÍ,MIXT,,2025-09-17,Nivell C,"C. Sant Pere Claver, 12-18",FUTBOL 5,1,LLIGA DE DIVENDRES,,toniperezcanovas@hotmail.com
1,"OAK House British School ""A""",FUTBOL 5 PREBENJAMÍ MIXT 1ª FASE CEEB,Divendres,18:00 h,PREBENJAMÍ,MIXT,,2025-09-17,Nivell C,"C. Sant Pere Claver, 12-18",FUTBOL 5,1,LLIGA DELS DIVENDRES,,alexguerratem@gmail.com
1,Institut Goya SPOT,FUTBOL 5 INFANTIL MIXT 1ª FASE CEEB,Divendres,18:00 h,INFANTIL,MIXT,2025-09-26,2025-09-16,Nivell E,"C. Garriga i Roca, 21",FUTBOL 5,1,,,nandu954@gmail.com
1,Àngels Garriga SPOT,FUTBOL 5 ALEVÍ MIXT 1ª FASE CEEB,Divendres,19:15 h,ALEVÍ,MIXT,2025-09-26,2025-09-16,Nivell E,"C. Gallecs, 22",FUTBOL 5,1,,,nandu954@gmail.com
1,Àngels Garriga SPOT,FUTBOL 5 PREALEVÍ MIXT 1ª FASE CEEB,Divendres,18:15 h,PREALEVÍ,MIXT,2025-09-26,2025-09-16,Nivell E,"C. Gallecs, 22",FUTBOL 5,1,,,nandu954@gmail.com
1,Manyanet Sant Andreu,FUTBOL 5 BENJAMÍ MIXT 1ª FASE CEEB,Dissabte,10:00 h,BENJAMÍ,MIXT,,2025-09-16,Nivell B,"C. Pare Manyanet, 19",FUTBOL 5,1,,,futsal.ampa@santandreu.manyanet.org
1,Manyanet Sant Andreu,FUTBOL 5 CADET FEMENÍ 1ª FASE CEEB,Dissabte,12:00 h,CADET,FEMENÍ,,2025-09-16,Nivell C,"C. Pare Manyanet, 19",FUTBOL 5,1,,,futsal.ampa@santandreu.manyanet.org
1,"CE La Salle Gracia ""Negre""",FUTBOL 5 CADET MIXT 1ª FASE CEEB,Divendres,20:30 h,CADET,MIXT,2025-09-17,2025-09-16,Nivell C,"Pl. del Nord, 14",FUTBOL 5,1,,,futbolsala@gracia.lasalle.cat
1,"CE La Salle Gracia ""Negre""",FUTBOL 5 INFANTIL MIXT 1ª FASE CEEB,Divendres,20:30 h,INFANTIL,MIXT,2025-09-17,2025-09-16,Nivell C,"Pl. del Nord, 14",FUTBOL 5,5,,,futbolsala@gracia.lasalle.cat
1,"CE La Salle Gracia ""Groc""",FUTBOL 5 PREALEVÍ MIXT 1ª FASE CEEB,Divendres,19:30 h,PREALEVÍ,MIXT,2025-09-17,2025-09-16,Nivell C,"Pl. del Nord, 14",FUTBOL 5,5,,,futbolsala@gracia.lasalle.cat
1,"CE La Salle Gracia ""Groc""",FUTBOL 5 ALEVÍ MIXT 1ª FASE CEEB,Divendres,19:30 h,ALEVÍ,MIXT,2025-09-17,2025-09-16,Nivell C,"Pl. del Nord, 14",FUTBOL 5,5,,,futbolsala@gracia.lasalle.cat
1,"CE La Salle Gracia ""Negre""",FUTBOL 5 PREALEVÍ MIXT 1ª FASE CEEB,Divendres,19:30 h,PREALEVÍ,MIXT,2025-09-17,2025-09-16,Nivell C,"Pl. del Nord, 14",FUTBOL 5,1,,,futbolsala@gracia.lasalle.cat
1,"CE La Salle Gracia ""Negre""",FUTBOL 5 ALEVÍ MIXT 1ª FASE CEEB,Divendres,19:30 h,ALEVÍ,MIXT,2025-09-17,2025-09-16,Nivell C,"Pl. del Nord, 14",FUTBOL 5,1,,,futbolsala@gracia.lasalle.cat
1,"CE La Salle Gracia ""Negre""",FUTBOL 5 ALEVÍ FEMENÍ 1ª FASE CEEB,Divendres,18:30 h,ALEVÍ,FEMENÍ,2025-09-17,2025-09-16,Nivell C,"Pl. del Nord, 14",FUTBOL 5,5,,,futbolsala@gracia.lasalle.cat
1,"CE La Salle Gracia ""Negre""",FUTBOL 5 BENJAMÍ MIXT 1ª FASE CEEB,Divendres,18:30 h,BENJAMÍ,MIXT,2025-09-17,2025-09-16,Nivell C,"Pl. del Nord, 14",FUTBOL 5,1,,,futbolsala@gracia.lasalle.cat
1,"CE La Salle Gracia ""Groc""",FUTBOL 5 BENJAMÍ MIXT 1ª FASE CEEB,Divendres,18:30 h,BENJAMÍ,MIXT,2025-09-17,2025-09-16,Nivell C,"Pl. del Nord, 14",FUTBOL 5,5,,,futbolsala@gracia.lasalle.cat
1,CE La Salle Gracia,FUTBOL 5 PREBENJAMÍ MIXT 1ª FASE CEEB,Divendres,18:30 h,PREBENJAMÍ,MIXT,2025-09-17,2025-09-16,Nivell C,"Pl. del Nord, 14",FUTBOL 5,1,,,futbolsala@gracia.lasalle.cat
1,Casal de Joves Zona Nord,FUTBOL 5 LLIGA JOVE MIXT 1ª FASE CEEB,Dissabte,10:30 h,SÈNIOR,MIXT,2025-09-28,2025-09-16,Nivell B,"Ptge. del Brull, 5",FUTBOL 5,Indiferent,,,carrascoesperabe@gmail.com
1,"Escola Costa i Llobera (AE Can Caralleu) ""Groc""",FUTBOL 5 INFANTIL MIXT 1ª FASE CEEB,Divendres,18:00 h,INFANTIL,MIXT,,2025-09-16,Nivell D,"C. dels Esports, 2-8",FUTBOL 5,1,,,mtrabal@cancaralleu.cat
1,"Escola Costa i Llobera (AE Can Caralleu) ""Negre""",FUTBOL 5 PREALEVÍ MIXT 1ª FASE CEEB,Divendres,18:15 h,PREALEVÍ,MIXT,,2025-09-16,Nivell C,"Pg. de la Blada, 3",FUTBOL 5,5,,,mtrabal@cancaralleu.cat
1,"Escola Costa i Llobera (AE Can Caralleu) ""Groc""",FUTBOL 5 PREALEVÍ MIXT 1ª FASE CEEB,Divendres,18:15 h,PREALEVÍ,MIXT,,2025-09-16,Nivell C,"Pg. de la Blada, 3",FUTBOL 5,1,,,mtrabal@cancaralleu.cat
1,"Club Joventut Les Corts ""B""",FUTBOL 5 ALEVÍ MIXT 1ª FASE CEEB,Dissabte,10:00 h,ALEVÍ,MIXT,,2025-09-15,Nivell B,"C. Martí i Franques, 19-21 (cant. Av. Joan XXIII)",FUTBOL 5,Fora,,,futbolsala_adjunt@joventutlescorts.cat
1,"Club Joventut Les Corts ""A""",FUTBOL 5 BENJAMÍ MIXT 1ª FASE CEEB,Dissabte,09:00 h,BENJAMÍ,MIXT,,2025-09-15,Nivell A,"C. Martí i Franques, 19-21 (cant. Av. Joan XXIII)",FUTBOL 5,Casa,,,futbolsala_adjunt@joventutlescorts.cat
1,"Club Joventut Les Corts ""A""",FUTBOL 5 PREBENJAMÍ MIXT 1ª FASE CEEB,Dissabte,09:00 h,PREBENJAMÍ,MIXT,,2025-09-15,Nivell A,"C. Martí i Franques, 19-21 (cant. Av. Joan XXIII)",FUTBOL 5,Fora,,,futbolsala_adjunt@joventutlescorts.cat
1,"Club Joventut Les Corts ""A""",FUTBOL 5 MENUTS|MENUDES MIXT 1ª FASE CEEB,Dissabte,09:00 h,MENUTS,MIXT,,2025-09-15,Nivell A,"C. Martí i Franques, 19-21 (cant. Av. Joan XXIII)",FUTBOL 5,Casa,,,futbolsala_adjunt@joventutlescorts.cat
1,"EFS Vesuvi ""A""",FUTBOL 5 BENJAMÍ MIXT 1ª FASE CEEB,Divendres,18:40 h,BENJAMÍ,MIXT,,2025-09-15,Nivell C,C. Chafarines (cant. C. Pedrosa),FUTBOL 5,4,,"AMISTÓS FUTBOL 5, COPA BENJAMI PROVA 1",josetorero1977@gmail.com
0,"Escola Bac de Roda (7 d'Aventura) ""A""",FUTBOL 5 CADET MIXT 1ª FASE CEEB,Divendres,20:00 h,CADET,MIXT,,2025-09-15,Nivell E,"C. Fluvià, 253 (cant. C. Huelva)",FUTBOL 5,5,,,joseluiscalatrava@yahoo.es
0,"Escola Bac de Roda (7 d'Aventura) ""A""",FUTBOL 5 INFANTIL MIXT 1ª FASE CEEB,Divendres,19:00 h,INFANTIL,MIXT,,2025-09-15,Nivell E,"C. Fluvià, 253 (cant. C. Huelva)",FUTBOL 5,5,,,joseluiscalatrava@yahoo.es
0,"Escola Bac de Roda (7 d'Aventura) ""A""",FUTBOL 5 PREALEVÍ MIXT 1ª FASE CEEB,Divendres,18:00 h,PREALEVÍ,MIXT,,2025-09-15,Nivell E,"C. Fluvià, 253 (cant. C. Huelva)",FUTBOL 5,5,,,joseluiscalatrava@yahoo.es
0,"Escola Bac de Roda (7 d'Aventura) ""A""",FUTBOL 5 BENJAMÍ MIXT 1ª FASE CEEB,Divendres,19:00 h,BENJAMÍ,MIXT,,2025-09-15,Nivell E,"C. Fluvià, 253 (cant. C. Huelva)",FUTBOL 5,1,,,joseluiscalatrava@yahoo.es
0,"Escola Bac de Roda (7 d'Aventura) ""A""",FUTBOL 5 PREBENJAMÍ MIXT 1ª FASE CEEB,Divendres,18:00 h,PREBENJAMÍ,MIXT,,2025-09-15,Nivell E,"C. Fluvià, 253 (cant. C. Huelva)",FUTBOL 5,1,,,joseluiscalatrava@yahoo.es
1,Col·legi SAFA Horta,FUTBOL 5 PREALEVÍ MIXT 1ª FASE CEEB,Divendres,18:00 h,PREALEVÍ,MIXT,,2025-09-15,Nivell E,"C. Peris i Mencheta, 26-46",FUTBOL 5,Fora,,,javiruiz_moreno@hotmail.com
1,"Col·legi SAFA Horta ""A""",FUTBOL 5 PREBENJAMÍ MIXT 1ª FASE CEEB,Divendres,18:00 h,PREBENJAMÍ,MIXT,,2025-09-15,Nivell E,"C. Peris i Mencheta, 26-46",FUTBOL 5,Casa,,,javiruiz_moreno@hotmail.com
0,"Artós Sports Club (FPC CET 10) ""D""",FUTBOL 5 PREBENJAMÍ MIXT 1ª FASE CEEB,Dissabte,10:00 h,PREBENJAMÍ,MIXT,,2025-09-12,Nivell C,"C. Rector Ubach, 60",FUTBOL 5,5,,,DANI.FREIXA.GINER@GMAIL.COM
0,Artós Sports Club (FPC CET 10),FUTBOL 5 BENJAMÍ MIXT 1ª FASE CEEB,Dissabte,10:00 h,BENJAMÍ,MIXT,,2025-09-12,Nivell E,"Via Augusta, 140",FUTBOL 5,,,,DANI.FREIXA.GINER@GMAIL.COM
0,"Artós Sports Club (FPC CET 10) ""B""",FUTBOL 5 PREBENJAMÍ MIXT 1ª FASE CEEB,Dissabte,10:00 h,PREBENJAMÍ,MIXT,,2025-09-12,Nivell C,"C. Rector Ubach, 60",FUTBOL 5,1,,,DANI.FREIXA.GINER@GMAIL.COM
0,Artós Sports Club (FPC CET 10),FUTBOL 5 PREALEVÍ MIXT 1ª FASE CEEB,Dissabte,11:00 h,PREALEVÍ,MIXT,,2025-09-12,Nivell B,"C. Rector Ubach, 60",FUTBOL 5,1,,,DANI.FREIXA.GINER@GMAIL.COM
0,Artós Sports Club (FPC CET 10),FUTBOL 5 ALEVÍ MIXT 1ª FASE CEEB,Dissabte,11:00 h,ALEVÍ,MIXT,,2025-09-12,Nivell C,"C. Rector Ubach, 60",FUTBOL 5,5,,,DANI.FREIXA.GINER@GMAIL.COM
0,Artós Sports Club (FPC CET 10),FUTBOL 5 PREINFANTIL MIXT 1ª FASE CEEB,Dissabte,12:00 h,PREINFANTIL,MIXT,,2025-09-12,Nivell C,"C. Rector Ubach, 60",FUTBOL 5,1,,,DANI.FREIXA.GINER@GMAIL.COM
0,Artós Sports Club (FPC CET 10),FUTBOL 5 CADET MIXT 1ª FASE CEEB,Dissabte,12:00 h,CADET,MIXT,,2025-09-12,Nivell E,"C. Rector Ubach, 60",FUTBOL 5,5,,,DANI.FREIXA.GINER@GMAIL.COM
0,"Artós Sports Club (FPC CET 10) ""A""",FUTBOL 5 INFANTIL FEMENÍ 1ª FASE CEEB,Divendres,19:00 h,INFANTIL,FEMENÍ,,2025-09-12,Nivell B,"Av. d'Esplugues, 62-70",FUTBOL 5,Casa,,,depe.futbolartos@gmail.com
0,"Artós Sports Club (FPC CET 10) ""B""",FUTBOL 5 ALEVÍ FEMENÍ 1ª FASE CEEB,Divendres,18:00 h,ALEVÍ,FEMENÍ,,2025-09-12,Nivell B,"Av. d'Esplugues, 62-70",FUTBOL 5,Casa,,,depe.futbolartos@gmail.com
0,Artós Sports Club (FPC CET 10),FUTBOL 5 CADET FEMENÍ 1ª FASE CEEB,Divendres,19:00 h,CADET,FEMENÍ,,2025-09-12,Nivell B,"Av. d'Esplugues, 62-70",FUTBOL 5,Fora,,,depe.futbolartos@gmail.com
0,Artós Sports Club (FPC CET 10),FUTBOL 5 ALEVÍ FEMENÍ 1ª FASE CEEB,Divendres,18:00 h,ALEVÍ,FEMENÍ,,2025-09-12,Nivell A,"Av. d'Esplugues, 62-70",FUTBOL 5,Casa,,,depe.futbolartos@gmail.com
0,Club Esportiu Mediterrani,FUTBOL 5 ALEVÍ MIXT 1ª FASE CEEB,Divendres,19:00 h,ALEVÍ,MIXT,,2025-09-12,Nivell B,"C. Riera Blanca, s/n (amb C. Canalejas)",FUTBOL 5,Casa,,,futbolsala@mediterrani1931.com
0,Club Esportiu Mediterrani,FUTBOL 5 PREBENJAMÍ MIXT 1ª FASE CEEB,Divendres,18:00 h,PREBENJAMÍ,MIXT,,2025-09-12,Nivell C,"C. Riera Blanca, s/n (amb C. Canalejas)",FUTBOL 5,Fora,,,FUTBOLSALA@MEDITERRANI1931.COM
0,Club Esportiu Mediterrani,FUTBOL 5 BENJAMÍ MIXT 1ª FASE CEEB,Divendres,18:00 h,BENJAMÍ,MIXT,,2025-09-12,Nivell C,"C. Riera Blanca, s/n (amb C. Canalejas)",FUTBOL 5,Casa,,,FUTBOLSALA@MEDITERRANI1931.COM
1,"Golden Panthers ""A""",FUTBOL 5 PREBENJAMÍ MIXT 1ª FASE CEEB,Divendres,19:00 h,PREBENJAMÍ,MIXT,2025-09-21,2025-09-12,Nivell E,"C. Immaculada, 25-35",FUTBOL 5,Casa,,,info@goldenpanthers.es
1,"Col·legi Teresianes de Gràcia (A.E.V.G.) ""A""",FUTBOL 5 ALEVÍ MIXT 1ª FASE CEEB,Divendres,20:00 h,ALEVÍ,MIXT,2025-09-11,2025-09-11,Nivell E,"C. Nàpols, 359",FUTBOL 5,Fora,"Nivell molt baix. Agrairia agrupació amb equips del nivell. Vull que juguin els tres equips sempre en el mateix torn. A casa junts i fora junts. A poder ser, intentar no enquadrar a cap dels tres equips en dissabte. Gràcies",,a.e.viladegracia@gmail.com
0,"Club Esportiu Mediterrani ""B""",FUTBOL 5 ALEVÍ MIXT 1ª FASE CEEB,Divendres,19:00 h,ALEVÍ,MIXT,,2025-09-11,Nivell D,"C. Riera Blanca, s/n (amb C. Canalejas)",FUTBOL 5,Fora,,,futbolsala@mediterrani1931.com
1,"Escola Els Llorers (AE L'Eixample) ""A""",FUTBOL 5 PREALEVÍ MIXT 1ª FASE CEEB,Divendres,19:30 h,PREALEVÍ,MIXT,,2025-09-10,Nivell D,"Av. Roma, 106",FUTBOL 5,5,,,elsllorers@ae-eixample.cat
1,"Escola Els Llorers (AE L'Eixample) ""A""",FUTBOL 5 ALEVÍ MIXT 1ª FASE CEEB,Divendres,19:00 h,ALEVÍ,MIXT,,2025-09-10,Nivell D,"Av. Roma, 106",FUTBOL 5,2,,,elsllorers@ae-eixample.cat
0,"Escola Sant Josep Oriol ""A""",FUTBOL 5 BENJAMÍ MIXT 1ª FASE CEEB,Divendres,18:00 h,BENJAMÍ,MIXT,,2025-09-10,Nivell D,"C. Villarroel, 85",FUTBOL 5,Casa,,,info@mesaccio.com
0,"Escola Sant Josep Oriol ""A""",FUTBOL 5 PREALEVÍ MIXT 1ª FASE CEEB,Divendres,18:00 h,PREALEVÍ,MIXT,,2025-09-10,Nivell D,"C. Villarroel, 85",FUTBOL 5,Casa,,,info@mesaccio.com
1,Associació Esportiva Babar,FUTBOL 5 INFANTIL FEMENÍ 1ª FASE CEEB,Dissabte,11:15 h,INFANTIL,FEMENÍ,2025-09-17,2025-09-09,Nivell C,"C. Castor, s/n",FUTBOL 5,,,,antonio.babar8@gmail.com
1,Associació Esportiva Babar,FUTBOL 5 INFANTIL MIXT 1ª FASE CEEB,Dissabte,12:30 h,INFANTIL,MIXT,2025-09-17,2025-09-09,Nivell C,"C. Castor, s/n",FUTBOL 5,,,,antonio.babar8@gmail.com
1,Associació Esportiva Babar,FUTBOL 5 ALEVÍ MIXT 1ª FASE CEEB,Dissabte,11:15 h,ALEVÍ,MIXT,2025-09-17,2025-09-09,Nivell C,"C. Castor, s/n",FUTBOL 5,,,,antonio.babar8@gmail.com
1,Associació Esportiva Babar,FUTBOL 5 BENJAMÍ MIXT 1ª FASE CEEB,Dissabte,10:00 h,BENJAMÍ,MIXT,2025-09-17,2025-09-09,Nivell C,"C. Castor, s/n",FUTBOL 5,,,,antonio.babar8@gmail.com
1,Associació Esportiva Babar,FUTBOL 5 MENUTS|MENUDES MIXT 1ª FASE CEEB,Dissabte,10:00 h,MENUTS,MIXT,2025-09-17,2025-09-09,Nivell C,"C. Castor, s/n",FUTBOL 5,,,,antonio.babar8@gmail.com
1,"Jesuïtes El Clot-Escola del Clot ""A""",FUTBOL 5 MENUTS|MENUDES MIXT 1ª FASE CEEB,Divendres,18:00 h,MENUTS,MIXT,,2025-09-05,Nivell C,"C. València, 680",FUTBOL 5,6,,,maurici.contel@fje.edu
1,"Jesuïtes El Clot-Escola del Clot ""B""",FUTBOL 5 PREBENJAMÍ MIXT 1ª FASE CEEB,Divendres,19:00 h,PREBENJAMÍ,MIXT,,2025-09-05,Nivell E,"C. València, 680",FUTBOL 5,6,,,maurici.contel@fje.edu
1,"Jesuïtes El Clot-Escola del Clot ""A""",FUTBOL 5 PREBENJAMÍ MIXT 1ª FASE CEEB,Divendres,18:00 h,PREBENJAMÍ,MIXT,,2025-09-05,Nivell B,"C. València, 680",FUTBOL 5,2,,,maurici.contel@fje.edu
1,"Jesuïtes El Clot-Escola del Clot ""A""",FUTBOL 5 BENJAMÍ MIXT 1ª FASE CEEB,Divendres,20:00 h,BENJAMÍ,MIXT,,2025-09-05,Nivell C,"C. València, 680",FUTBOL 5,2,,,maurici.contel@fje.edu
1,"Jesuïtes El Clot-Escola del Clot ""A""",FUTBOL 5 PREALEVÍ MIXT 1ª FASE CEEB,Divendres,19:00 h,PREALEVÍ,MIXT,,2025-09-05,Nivell E,"C. València, 680",FUTBOL 5,2,,,maurici.contel@fje.edu
1,"Jesuïtes El Clot-Escola del Clot ""A""",FUTBOL 5 ALEVÍ FEMENÍ 1ª FASE CEEB,Divendres,20:00 h,ALEVÍ,FEMENÍ,,2025-09-05,Nivell E,"C. València, 680",FUTBOL 5,6,,,maurici.contel@fje.edu
1,"Jesuïtes El Clot-Escola del Clot ""A""",FUTBOL 5 CADET FEMENÍ 1ª FASE CEEB,Divendres,20:00 h,CADET,FEMENÍ,,2025-09-05,Nivell C,"C. Hernan Cortés, 6",FUTBOL 5,2,,,david.lribera@fje.edu
1,"Jesuïtes El Clot-Escola del Clot ""A""",FUTBOL 5 LLIGA ABSOLUTA FEMENÍ 1ª FASE CEEB,Divendres,21:00 h,SÈNIOR,FEMENÍ,,2025-09-05,Nivell D,"C. València, 680",FUTBOL 5,6,,,david.lribera@fje.edu
1,"Jesuïtes El Clot-Escola del Clot ""A""",FUTBOL 5 LLIGA ABSOLUTA MIXT 1ª FASE CEEB,Dissabte,10:00 h,SÈNIOR,MIXT,,2025-09-05,Nivell C,"C. València, 680",FUTBOL 5,6,,,isaac.gomez@fje.edu
1,"Jesuïtes El Clot-Escola del Clot ""B""",FUTBOL 5 LLIGA ABSOLUTA MIXT 1ª FASE CEEB,Divendres,21:00 h,SÈNIOR,MIXT,,2025-09-05,Nivell D,"C. Hernan Cortés, 6",FUTBOL 5,2,,,david.lribera@fje.edu
1,"Fundació Brafa ""B""",FUTBOL 5 JUVENIL MIXT 1ª FASE CEEB,Dissabte,15:45 h,JUVENIL,MIXT,2025-09-08,2025-09-04,Nivell D,"C. de la Artesania, 75",FUTBOL 5,Fora,AQUEST EQUIP ALTERNA CAMP AMB EL NOSTRE JUVENIL A DE F. SALA. PRIMERA JORNADA HA DE JUGAR FORA.,,ravenrenault@gmail.com
1,"Fundació Brafa ""A""",FUTBOL 5 JUVENIL MIXT 1ª FASE CEEB,Dissabte,15:45 h,JUVENIL,MIXT,2025-09-08,2025-09-04,Nivell C,"C. de la Artesania, 75",FUTBOL 5,Casa,AQUEST EQUIP ALTERNA PISTA AMB EL NOSTRE JUVENIL B DE FUTBOL SALA. PRIMERA JORNADA A CASA.,,ravenrenault@gmail.com
1,"Col·legi Teresianes de Gràcia (A.E.V.G.) ""A""",FUTBOL 5 BENJAMÍ MIXT 1ª FASE CEEB,Divendres,19:00 h,BENJAMÍ,MIXT,2025-09-04,2025-09-04,Nivell E,"C. Nàpols, 359",FUTBOL 5,Fora,"VULL QUE ELS DOS EQUIPS QUE TINC, JUGUIN EN EL MATEIX TORN DE JORNADA TANT A CASA COM A FORA. NO VULL QUE S'ALTERNIN, PERQUÈ SINÓ M'ES IMPOSSIBLE LOGÍSTICAMENT. ELS DOS DE LOCALS I ELS DOS DE VISITANTS.",,a.e.viladegracia@gmail.com
1,"Col·legi Teresianes de Gràcia (A.E.V.G.) ""A""",FUTBOL 5 PREBENJAMÍ MIXT 1ª FASE CEEB,Divendres,18:00 h,PREBENJAMÍ,MIXT,2025-09-04,2025-09-04,Nivell E,"C. Nàpols, 359",FUTBOL 5,Fora,"Tinc dos equips (prebenjamí i benjamí) vull que juguin els dos en el mateix torn ( a casa junts i a fora també), sinó, m'és impossible per temes logístics.",,a.e.viladegracia@gmail.com
1,Escola Pia Sant Miquel,FUTBOL 5 CADET MIXT 1ª FASE CEEB,Dissabte,09:30 h,CADET,MIXT,2025-09-03,2025-09-03,Nivell C,"C. Rosselló, 175",FUTBOL 5,1,,,arnau.manzano@santmiquel.epiaedu.cat
1,Escola Pia Sant Miquel,FUTBOL 5 INFANTIL MIXT 1ª FASE CEEB,Dissabte,08:45 h,INFANTIL,MIXT,2025-09-03,2025-09-03,Nivell C,"C. Rosselló, 175",FUTBOL 5,1,,,arnau.manzano@santmiquel.epiaedu.cat
1,Escola Pia Sant Miquel,FUTBOL 5 PREINFANTIL MIXT 1ª FASE CEEB,Divendres,20:00 h,PREINFANTIL,MIXT,2025-09-03,2025-09-03,Nivell C,"C. Rosselló, 175",FUTBOL 5,1,,,arnau.manzano@santmiquel.epiaedu.cat
1,Escola Pia Sant Miquel,FUTBOL 5 ALEVÍ MIXT 1ª FASE CEEB,Dissabte,10:15 h,ALEVÍ,MIXT,2025-09-03,2025-09-03,Nivell C,"C. Rosselló, 175",FUTBOL 5,1,,,arnau.manzano@santmiquel.epiaedu.cat
1,"Escola Pia Sant Miquel ""P""",FUTBOL 5 PREALEVÍ MIXT 1ª FASE CEEB,Dissabte,11:00 h,PREALEVÍ,MIXT,2025-09-03,2025-09-03,Nivell C,"C. Rosselló, 175",FUTBOL 5,1,,,arnau.manzano@santmiquel.epiaedu.cat
1,"Escola Pia Sant Miquel ""S""",FUTBOL 5 PREALEVÍ MIXT 1ª FASE CEEB,Dissabte,11:45 h,PREALEVÍ,MIXT,2025-09-03,2025-09-03,Nivell C,"C. Rosselló, 175",FUTBOL 5,1,,,arnau.manzano@santmiquel.epiaedu.cat
1,"Escola Pia Sant Miquel ""N""",FUTBOL 5 BENJAMÍ MIXT 1ª FASE CEEB,Divendres,19:00 h,BENJAMÍ,MIXT,2025-09-03,2025-09-03,Nivell E,"C. Rosselló, 175",FUTBOL 5,1,,,arnau.manzano@santmiquel.epiaedu.cat
1,"Escola Pia Sant Miquel ""V""",FUTBOL 5 BENJAMÍ MIXT 1ª FASE CEEB,Divendres,19:00 h,BENJAMÍ,MIXT,2025-09-03,2025-09-03,Nivell C,"C. Rosselló, 175",FUTBOL 5,1,,,arnau.manzano@santmiquel.epiaedu.cat
0,"Escola Pia Sant Miquel ""B""",FUTBOL 5 PREBENJAMÍ MIXT 1ª FASE CEEB,Divendres,18:00 h,PREBENJAMÍ,MIXT,,2025-09-03,Nivell E,"C. Rosselló, 175",FUTBOL 5,1,,,arnau.manzano@santmiquel.epiaedu.cat
1,"EFS Vesuvi ""A""",FUTBOL 5 PREBENJAMÍ MIXT 1ª FASE CEEB,Divendres,17:50 h,PREBENJAMÍ,MIXT,,2025-09-03,Nivell C,C. Chafarines (cant. C. Pedrosa),FUTBOL 5,4,,"AMISTÓS FUTBOL 5, LLIGA PROVA PREBENJAMÍ F5 grup 1",josetorero1977@gmail.com
1,Escola Pia Sant Miquel,FUTBOL 5 PREBENJAMÍ MIXT 1ª FASE CEEB,Divendres,18:00 h,PREBENJAMÍ,MIXT,2025-09-03,2025-09-03,Nivell E,"C. Rosselló, 175",FUTBOL 5,1,,,arnau.manzano@santmiquel.epiaedu.cat
1,EVEREST Prosperitat E,FUTBOL 5 ALEVÍ MIXT 1ª FASE CEEB,Dissabte,10:00 h,ALEVÍ,MIXT,,2025-09-01,Nivell C,"C. Baltasar Gracian, 9-15",FUTBOL 5,,,,j.lerma.valero@gmail.com
1,"Escolàpies Legends ""A""",FUTBOL 5 LLIGA JOVE MIXT 1ª FASE CEEB,Divendres,19:30 h,SÈNIOR,MIXT,2025-09-23,2025-09-01,Nivell C,"C. Joan de Peguera, 42",FUTBOL 5,Indiferent,,,victorsalazaroliveras@gmail.com
