Nom,Entitat,Nom Lliga,Nivell,Núm. sorteig,Modalitat,Categoria,Subcategoria,Dia partit,Horari partit,Observacions
"Club Esportiu Fabra i Coats ""A""",Club Esportiu Fabra i Coats,FUTBOL 5 ALEVÍ FEMENÍ 1ª FASE CEEB,Nivell C,7,FUTBOL 5,ALEVÍ,FEMENÍ,Dissabte,11:30 h,
"Jesuïtes El Clot-Escola del Clot ""A""",Jesuïtes El Clot-Escola del Clot,FUTBOL 5 ALEVÍ FEMENÍ 1ª FASE CEEB,Nivell E,6,FUTBOL 5,ALEVÍ,FEMENÍ,Divendres,20:00 h,
Artós Sports Club (FPC CET 10),Artós Sports Club (FPC CET 10),FUTBOL 5 ALEVÍ FEMENÍ 1ª FASE CEEB,Nivell A,Casa,FUTBOL 5,ALEVÍ,FEMENÍ,Divendres,18:00 h,
"Artós Sports Club (FPC CET 10) ""B""",Artós Sports Club (FPC CET 10),FUTBOL 5 ALEVÍ FEMENÍ 1ª FASE CEEB,Nivell B,Casa,FUTBOL 5,ALEVÍ,FEMENÍ,Divendres,18:00 h,
"CE La Salle Gracia ""Negre""",CE La Salle Gracia,FUTBOL 5 ALEVÍ FEMENÍ 1ª FASE CEEB,Nivell C,5,FUTBOL 5,ALEVÍ,FEMENÍ,Divendres,18:30 h,
"AFA Escola Taber (AE Can Caralleu) ""Vermell""",AFA Escola Taber (AE Can Caralleu),FUTBOL 5 ALEVÍ FEMENÍ 1ª FASE CEEB,Nivell C,5,FUTBOL 5,ALEVÍ,FEMENÍ,Divendres,18:00 h,
EVEREST Prosperitat,Escola de Futbol Sala Prosperitat,FUTBOL 5 ALEVÍ FEMENÍ 1ª FASE CEEB,Nivell B,,FUTBOL 5,ALEVÍ,FEMENÍ,Dissabte,12:45 h,"ATENDRE LLISTAT DE PETICIÓ PELS CALENDARIS. 6 EQUIPS UN DISSABTE (MENUTS I, MENUTS J, PREBENJAMIN J, PREBENJAMI D, ALEVI FEMENI, CADET FEMENI) 5 EQUIPS EL SEGÜENT DISSABTE (PREALEVI A, PEALEVI F, BENJAMI P, ALEVI E, INFANTIL B)"
"AI Estel Vallseca ""A""",AI Estel Vallseca,FUTBOL 5 ALEVÍ FEMENÍ 1ª FASE CEEB,Nivell E,3,FUTBOL 5,ALEVÍ,FEMENÍ,Divendres,18:15 h,
CE Vincit-Provençalenc A,CE Vincit-Provençalenc,FUTBOL 5 ALEVÍ FEMENÍ 1ª FASE CEEB,Nivell B,Casa,FUTBOL 5,ALEVÍ,FEMENÍ,Divendres,19:00 h,
EVEREST Prosperitat E,Escola de Futbol Sala Prosperitat,FUTBOL 5 ALEVÍ MIXT 1ª FASE CEEB,Nivell C,,FUTBOL 5,ALEVÍ,MIXT,Dissabte,10:00 h,
Escola Pia Sant Miquel,Escola Pia Sant Miquel,FUTBOL 5 ALEVÍ MIXT 1ª FASE CEEB,Nivell C,1,FUTBOL 5,ALEVÍ,MIXT,Dissabte,10:15 h,
Associació Esportiva Babar,Associació Esportiva Babar,FUTBOL 5 ALEVÍ MIXT 1ª FASE CEEB,Nivell C,,FUTBOL 5,ALEVÍ,MIXT,Dissabte,11:15 h,
"Escola Els Llorers (AE L'Eixample) ""A""",Escola Els Llorers (AE L'Eixample),FUTBOL 5 ALEVÍ MIXT 1ª FASE CEEB,Nivell D,2,FUTBOL 5,ALEVÍ,MIXT,Divendres,19:00 h,
"Club Esportiu Mediterrani ""B""",Club Esportiu Mediterrani,FUTBOL 5 ALEVÍ MIXT 1ª FASE CEEB,Nivell D,Fora,FUTBOL 5,ALEVÍ,MIXT,Divendres,19:00 h,
"Col·legi Teresianes de Gràcia (A.E.V.G.) ""A""",Col·legi Teresianes de Gràcia (A.E.V.G.),FUTBOL 5 ALEVÍ MIXT 1ª FASE CEEB,Nivell E,Fora,FUTBOL 5,ALEVÍ,MIXT,Divendres,20:00 h,"Nivell molt baix. Agrairia agrupació amb equips del nivell. Vull que juguin els tres equips sempre en el mateix torn. A casa junts i fora junts. A poder ser, intentar no enquadrar a cap dels tres equips en dissabte. Gràcies"
Club Esportiu Mediterrani,Club Esportiu Mediterrani,FUTBOL 5 ALEVÍ MIXT 1ª FASE CEEB,Nivell B,Casa,FUTBOL 5,ALEVÍ,MIXT,Divendres,19:00 h,
Artós Sports Club (FPC CET 10),Artós Sports Club (FPC CET 10),FUTBOL 5 ALEVÍ MIXT 1ª FASE CEEB,Nivell C,5,FUTBOL 5,ALEVÍ,MIXT,Dissabte,11:00 h,
"Club Joventut Les Corts ""B""",Club Joventut Les Corts,FUTBOL 5 ALEVÍ MIXT 1ª FASE CEEB,Nivell B,Fora,FUTBOL 5,ALEVÍ,MIXT,Dissabte,10:00 h,
"CE La Salle Gracia ""Negre""",CE La Salle Gracia,FUTBOL 5 ALEVÍ MIXT 1ª FASE CEEB,Nivell C,1,FUTBOL 5,ALEVÍ,MIXT,Divendres,19:30 h,
"CE La Salle Gracia ""Groc""",CE La Salle Gracia,FUTBOL 5 ALEVÍ MIXT 1ª FASE CEEB,Nivell C,5,FUTBOL 5,ALEVÍ,MIXT,Divendres,19:30 h,
Àngels Garriga SPOT,Àngels Roig SPOT,FUTBOL 5 ALEVÍ MIXT 1ª FASE CEEB,Nivell E,1,FUTBOL 5,ALEVÍ,MIXT,Divendres,19:15 h,
"OAK House British School ""A""",OAK House British School,FUTBOL 5 ALEVÍ MIXT 1ª FASE CEEB,Nivell C,5,FUTBOL 5,ALEVÍ,MIXT,Divendres,19:00 h,LLIGA DELS DIVENDRES
"Escola Nabí ""A""",Escola Nabí,FUTBOL 5 ALEVÍ MIXT 1ª FASE CEEB,Nivell C,Casa,FUTBOL 5,ALEVÍ,MIXT,Divendres,19:00 h,
"AF Sant Antoni Futsal ""A""",AF Sant Antoni Futsal,FUTBOL 5 ALEVÍ MIXT 1ª FASE CEEB,Nivell E,Fora,FUTBOL 5,ALEVÍ,MIXT,Divendres,19:15 h,
Escola Tabor (CEM Sagrada Familia),Escola Tabor (CEM Sagrada Familia),FUTBOL 5 ALEVÍ MIXT 1ª FASE CEEB,Nivell C,Fora,FUTBOL 5,ALEVÍ,MIXT,Dissabte,10:00 h,
Escola Josep Mº Jujol (Valors IPP),Escola Josep Mº Jujol (Valors IPP),FUTBOL 5 ALEVÍ MIXT 1ª FASE CEEB,Nivell E,Casa,FUTBOL 5,ALEVÍ,MIXT,Divendres,19:30 h,
"ACE Sansur ""A""",ACE Sansur,FUTBOL 5 ALEVÍ MIXT 1ª FASE CEEB,Nivell C,Casa,FUTBOL 5,ALEVÍ,MIXT,Divendres,18:00 h,
"Jesuïtes Casp ""B""",Jesuïtes Casp,FUTBOL 5 ALEVÍ MIXT 1ª FASE CEEB,Nivell D,3,FUTBOL 5,ALEVÍ,MIXT,Dissabte,12:30 h,
"Club Esportiu Laietà (Futbol 5) ""Blau""",Club Esportiu Laietà (Futbol 5),FUTBOL 5 ALEVÍ MIXT 1ª FASE CEEB,Nivell C,Casa,FUTBOL 5,ALEVÍ,MIXT,Divendres,19:15 h,
"Club Esportiu Laietà (Futbol 5) ""Vermell""",Club Esportiu Laietà (Futbol 5),FUTBOL 5 ALEVÍ MIXT 1ª FASE CEEB,Nivell E,Fora,FUTBOL 5,ALEVÍ,MIXT,Divendres,19:15 h,
"Escola Pràctiques (AE L'Eixample) ""A""",Escola Pràctiques (AE L'Eixample),FUTBOL 5 ALEVÍ MIXT 1ª FASE CEEB,Nivell E,5,FUTBOL 5,ALEVÍ,MIXT,Divendres,18:30 h,
Futsal Dante,Futsal Dante,FUTBOL 5 ALEVÍ MIXT 1ª FASE CEEB,Nivell A,Casa,FUTBOL 5,ALEVÍ,MIXT,Divendres,19:30 h,
"Lycée Français de Gavà (Bon Soleil) ""A""",Lycée Français de Gavà (Bon Soleil),FUTBOL 5 ALEVÍ MIXT 1ª FASE CEEB,Nivell C,Fora,FUTBOL 5,ALEVÍ,MIXT,Divendres,19:00 h,
Institució Montserrat,Institució Montserrat,FUTBOL 5 ALEVÍ MIXT 1ª FASE CEEB,Nivell E,Casa,FUTBOL 5,ALEVÍ,MIXT,Divendres,20:15 h,
"SEE APA Escola del Mar ""A""",SEE APA Escola del Mar,FUTBOL 5 ALEVÍ MIXT 1ª FASE CEEB,Nivell E,7,FUTBOL 5,ALEVÍ,MIXT,Divendres,18:15 h,
CE Vincit-Provençalenc B,CE Vincit-Provençalenc,FUTBOL 5 ALEVÍ MIXT 1ª FASE CEEB,Nivell C,Fora,FUTBOL 5,ALEVÍ,MIXT,Divendres,19:00 h,
CE Vincit-Provençalenc C,CE Vincit-Provençalenc,FUTBOL 5 ALEVÍ MIXT 1ª FASE CEEB,Nivell C,Casa,FUTBOL 5,ALEVÍ,MIXT,Divendres,19:00 h,
Col·legi SAFA Horta,Col·legi SAFA Horta,FUTBOL 5 ALEVÍ MIXT 1ª FASE CEEB,Nivell E,Fora,FUTBOL 5,ALEVÍ,MIXT,Dissabte,12:00 h,
"Club Esportiu Terra Negra ""A""",Club Esportiu Terra Negra,FUTBOL 5 ALEVÍ MIXT 1ª FASE CEEB,Nivell E,Casa,FUTBOL 5,ALEVÍ,MIXT,Divendres,18:00 h,Alternar sorteig amb Femení de Palmasec.
"Escola Auró (AE L'Eixample) ""A""",Escola Auró (AE L'Eixample),FUTBOL 5 ALEVÍ MIXT 1ª FASE CEEB,Nivell C,4,FUTBOL 5,ALEVÍ,MIXT,Divendres,19:30 h,
"Escola Pia Balmes ""A""",Escola Pia Balmes,FUTBOL 5 ALEVÍ MIXT 1ª FASE CEEB,Nivell C,4,FUTBOL 5,ALEVÍ,MIXT,Divendres,20:00 h,
"EB Vallcarca Nord (FBC) ""Blau""",EB Vallcarca Nord (FBC),FUTBOL 5 ALEVÍ MIXT 1ª FASE CEEB,Nivell E,,FUTBOL 5,ALEVÍ,MIXT,Divendres,19:15 h,
Parc del Guinardó - Gestió Club,Futbol Club Martinenc,FUTBOL 5 ALEVÍ MIXT 1ª FASE CEEB,Nivell E,Fora,FUTBOL 5,ALEVÍ,MIXT,Divendres,18:00 h,
Torrent d'en Melis - Gestió Club,Futbol Club Martinenc,FUTBOL 5 ALEVÍ MIXT 1ª FASE CEEB,Nivell E,Fora,FUTBOL 5,ALEVÍ,MIXT,Divendres,18:00 h,
"Centre d'Estudis Montseny ""A""",Centre d'Estudis Montseny,FUTBOL 5 ALEVÍ MIXT 1ª FASE CEEB,Nivell D,1,FUTBOL 5,ALEVÍ,MIXT,Divendres,19:15 h,
Scala Dei - Futsal Dante,Scala Dei - Futsal Dante,FUTBOL 5 ALEVÍ MIXT 1ª FASE CEEB,Nivell E,Fora,FUTBOL 5,ALEVÍ,MIXT,Divendres,19:00 h,
"Institut Escola Londres (AE L'Eixample) ""A""",Institut Escola Londres (AE L'Eixample),FUTBOL 5 ALEVÍ MIXT 1ª FASE CEEB,Nivell E,7,FUTBOL 5,ALEVÍ,MIXT,Dissabte,09:00 h,
"Artós Sports Club (FPC CET 10) ""A""",Artós Sports Club (FPC CET 10),FUTBOL 5 ALEVÍ MIXT 1ª FASE CEEB,Nivell B,5,FUTBOL 5,ALEVÍ,MIXT,Divendres,19:45 h,LLIGA DIVENDRES
"Club Esportiu Jesús Maria ""A""",Club Esportiu Jesús Maria,FUTBOL 5 ALEVÍ MIXT 1ª FASE CEEB,Nivell D,7,FUTBOL 5,ALEVÍ,MIXT,Divendres,18:00 h,
"Escola Calderon de la Barca AMPA ""A""",Escola Calderon de la Barca AMPA,FUTBOL 5 ALEVÍ MIXT 1ª FASE CEEB,Nivell D,8,FUTBOL 5,ALEVÍ,MIXT,Divendres,20:00 h,
"Club Esportiu Mediterrani ""C""",Club Esportiu Mediterrani,FUTBOL 5 ALEVÍ MIXT 1ª FASE CEEB,Nivell E,Fora,FUTBOL 5,ALEVÍ,MIXT,Divendres,20:00 h,Equip d'iniciació
"Escola Diputació - TEAM ""A""",Escola Diputació - TEAM,FUTBOL 5 ALEVÍ MIXT 1ª FASE CEEB,Nivell E,Casa,FUTBOL 5,ALEVÍ,MIXT,Divendres,19:15 h,
"Escolàpies de Llúria (FPC CET 10) ""A""",Escolàpies de Llúria (FPC CET 10),FUTBOL 5 ALEVÍ MIXT 1ª FASE CEEB,Nivell E,Fora,FUTBOL 5,ALEVÍ,MIXT,Divendres,18:00 h,
Galí Bellesguard (AE L'Eixample),Galí Bellesguard (AE L'Eixample),FUTBOL 5 ALEVÍ MIXT 1ª FASE CEEB,Nivell C,1,FUTBOL 5,ALEVÍ,MIXT,Divendres,18:00 h,
Escola Ntra Sra de Lurdes,Escola Ntra Sra de Lurdes,FUTBOL 5 ALEVÍ MIXT 1ª FASE CEEB,Nivell D,1,FUTBOL 5,ALEVÍ,MIXT,Dissabte,09:00 h,
Manyanet Sant Andreu,Manyanet Sant Andreu,FUTBOL 5 ALEVÍ MIXT 1ª FASE CEEB,Nivell B,1,FUTBOL 5,ALEVÍ,MIXT,Dissabte,14:00 h,
"Escola Mallorca (AE L'Eixample) ""A""",Escola Mallorca (AE L'Eixample),FUTBOL 5 ALEVÍ MIXT 1ª FASE CEEB,Nivell E,7,FUTBOL 5,ALEVÍ,MIXT,Dissabte,11:00 h,
"The Benjamin Franklin International School ""A""",The Benjamin Franklin International School,FUTBOL 5 ALEVÍ MIXT 1ª FASE CEEB,Nivell E,7,FUTBOL 5,ALEVÍ,MIXT,Divendres,18:00 h,
"Escola Suïssa de Barcelona ""A""",Escola Suïssa de Barcelona,FUTBOL 5 ALEVÍ MIXT 1ª FASE CEEB,Nivell E,2,FUTBOL 5,ALEVÍ,MIXT,Dissabte,09:00 h,
Escola El Carmel (Valors IPP),Escola El Carmel (Valors IPP),FUTBOL 5 ALEVÍ MIXT 1ª FASE CEEB,Nivell E,Fora,FUTBOL 5,ALEVÍ,MIXT,Divendres,20:00 h,
"Escola El Carmel (Valors IPP) ""B""",Escola El Carmel (Valors IPP),FUTBOL 5 ALEVÍ MIXT 1ª FASE CEEB,Nivell E,Fora,FUTBOL 5,ALEVÍ,MIXT,Divendres,18:00 h,
Col·legi Padre Damian Sagrados Corazones,Col·legi Padre Damian Sagrados Corazones,FUTBOL 5 ALEVÍ MIXT 1ª FASE CEEB,Nivell C,Fora,FUTBOL 5,ALEVÍ,MIXT,Divendres,19:15 h,
Centre Montserrat-Xavier,Centre Montserrat-Xavier,FUTBOL 5 ALEVÍ MIXT 1ª FASE CEEB,Nivell E,Casa,FUTBOL 5,ALEVÍ,MIXT,Divendres,19:00 h,
"Centre Montserrat-Xavier ""B""",Centre Montserrat-Xavier,FUTBOL 5 ALEVÍ MIXT 1ª FASE CEEB,Nivell E,Fora,FUTBOL 5,ALEVÍ,MIXT,Divendres,19:00 h,
"Kinobs Sports SLU ""A""",Kinobs Sports SLU,FUTBOL 5 ALEVÍ MIXT 1ª FASE CEEB,Nivell E,3,FUTBOL 5,ALEVÍ,MIXT,Divendres,18:00 h,
"Escola Sagrada Familia Sant Andreu ""A""",Escola Sagrada Familia Sant Andreu,FUTBOL 5 ALEVÍ MIXT 1ª FASE CEEB,Nivell E,8,FUTBOL 5,ALEVÍ,MIXT,Divendres,20:00 h,
"Escola Thau ""A""",Escola Thau,FUTBOL 5 ALEVÍ MIXT 1ª FASE CEEB,Nivell C,Casa,FUTBOL 5,ALEVÍ,MIXT,Divendres,19:00 h,
"Escola Thau ""B""",Escola Thau,FUTBOL 5 ALEVÍ MIXT 1ª FASE CEEB,Nivell C,Fora,FUTBOL 5,ALEVÍ,MIXT,Divendres,19:00 h,
Escola Grevol,Escola Grevol,FUTBOL 5 ALEVÍ MIXT 1ª FASE CEEB,Nivell A,3,FUTBOL 5,ALEVÍ,MIXT,Divendres,18:00 h,
"AMPA Escola Mestre Enric Gibert i Camins ""A""",AMPA Escola Mestre Enric Gibert i Camins,FUTBOL 5 ALEVÍ MIXT 1ª FASE CEEB,Nivell E,Fora,FUTBOL 5,ALEVÍ,MIXT,Divendres,19:00 h,
"Escola Bogatell (FPC CET 10) ""A""",Escola Bogatell (FPC CET 10),FUTBOL 5 ALEVÍ MIXT 1ª FASE CEEB,Nivell E,Casa,FUTBOL 5,ALEVÍ,MIXT,Divendres,18:00 h,
"Fundació Escola Teresianes Ganduxer ""A""",Fundació Escola Teresianes Ganduxer,FUTBOL 5 ALEVÍ MIXT 1ª FASE CEEB,Nivell C,3,FUTBOL 5,ALEVÍ,MIXT,Divendres,19:15 h,
"Escola de Futbol Sala APC Raval (AECV) ""A""",Escola de Futbol Sala APC Raval (AECV),FUTBOL 5 ALEVÍ MIXT 1ª FASE CEEB,Nivell C,1,FUTBOL 5,ALEVÍ,MIXT,Dissabte,10:00 h,
"Escola de Futbol Sala APC Raval (AECV) ""B""",Escola de Futbol Sala APC Raval (AECV),FUTBOL 5 ALEVÍ MIXT 1ª FASE CEEB,Nivell D,1,FUTBOL 5,ALEVÍ,MIXT,Dissabte,11:00 h,
EE Pegaso-Viana,7 d'Aventura,FUTBOL 5 ALEVÍ MIXT 1ª FASE CEEB,Nivell E,1,FUTBOL 5,ALEVÍ,MIXT,Divendres,18:00 h,
"Club Esportiu Fabra i Coats ""A""",Club Esportiu Fabra i Coats,FUTBOL 5 ALEVÍ MIXT 1ª FASE CEEB,Nivell C,3,FUTBOL 5,ALEVÍ,MIXT,Dissabte,10:30 h,
"AMPA Escola Pere Vila ""E""",AMPA Escola Pere Vila,FUTBOL 5 ALEVÍ MIXT 1ª FASE CEEB,Nivell E,Casa,FUTBOL 5,ALEVÍ,MIXT,Divendres,19:00 h,
"Club Esportiu Fabra i Coats ""C""",Club Esportiu Fabra i Coats,FUTBOL 5 ALEVÍ MIXT 1ª FASE CEEB,Nivell C,3,FUTBOL 5,ALEVÍ,MIXT,Divendres,19:00 h,
"Escola Garbí ""A""",Escola Garbí,FUTBOL 5 ALEVÍ MIXT 1ª FASE CEEB,Nivell C,Casa,FUTBOL 5,ALEVÍ,MIXT,Divendres,18:00 h,
"IE Tres Fonts de Les Corts (Valors IPP) ""A""",IE Tres Fonts de Les Corts (Valors IPP),FUTBOL 5 ALEVÍ MIXT 1ª FASE CEEB,Nivell E,Casa,FUTBOL 5,ALEVÍ,MIXT,Divendres,18:00 h,
"Dominiques Barcelona ""Verd""",Dominiques Barcelona,FUTBOL 5 ALEVÍ MIXT 1ª FASE CEEB,Nivell D,Casa,FUTBOL 5,ALEVÍ,MIXT,Divendres,18:00 h,
"Dominiques Barcelona ""Negre""",Dominiques Barcelona,FUTBOL 5 ALEVÍ MIXT 1ª FASE CEEB,Nivell D,Fora,FUTBOL 5,ALEVÍ,MIXT,Divendres,18:00 h,
"Club Esportiu Fabra i Coats ""B""",Club Esportiu Fabra i Coats,FUTBOL 5 ALEVÍ MIXT 1ª FASE CEEB,Nivell C,7,FUTBOL 5,ALEVÍ,MIXT,Dissabte,11:00 h,
"Màgic Sants Futsal ""A""",Màgic Sants Futsal,FUTBOL 5 ALEVÍ MIXT 1ª FASE CEEB,Nivell E,5,FUTBOL 5,ALEVÍ,MIXT,Divendres,19:15 h,
"FEDAC Sant Andreu CEFIC ""A""",FEDAC Sant Andreu CEFIC,FUTBOL 5 ALEVÍ MIXT 1ª FASE CEEB,Nivell C,3,FUTBOL 5,ALEVÍ,MIXT,Divendres,19:00 h,
"Aula Escola Europea ""A""",Aula Escola Europea,FUTBOL 5 ALEVÍ MIXT 1ª FASE CEEB,Nivell C,1,FUTBOL 5,ALEVÍ,MIXT,Dissabte,11:00 h,
"Escola Brasil (FPC CET 10) ""A""",Escola Brasil (FPC CET 10),FUTBOL 5 ALEVÍ MIXT 1ª FASE CEEB,Nivell C,Casa,FUTBOL 5,ALEVÍ,MIXT,Divendres,20:00 h,
"Escola La Farigola del Clot (FPC CET 10) ""A""",Escola La Farigola del Clot (FPC CET 10),FUTBOL 5 ALEVÍ MIXT 1ª FASE CEEB,Nivell C,1,FUTBOL 5,ALEVÍ,MIXT,Dissabte,10:30 h,
FS Manyanet Les Corts,Futbol Sala Manyanet Les Corts,FUTBOL 5 ALEVÍ MIXT 1ª FASE CEEB,Nivell C,Casa,FUTBOL 5,ALEVÍ,MIXT,Divendres,20:15 h,
"Escola Concepcion Arenal (FPC CET 10) ""A""",Escola Concepcion Arenal (FPC CET 10),FUTBOL 5 ALEVÍ MIXT 1ª FASE CEEB,Nivell E,Indiferent,FUTBOL 5,ALEVÍ,MIXT,Divendres,18:00 h,
"AFA Escola Taber (AE Can Caralleu) ""Vermell""",AFA Escola Taber (AE Can Caralleu),FUTBOL 5 BENJAMÍ FEMENÍ 1ª FASE CEEB,Nivell C,1,FUTBOL 5,BENJAMÍ,FEMENÍ,Divendres,18:00 h,
"Escola Pia Sant Miquel ""V""",Escola Pia Sant Miquel,FUTBOL 5 BENJAMÍ MIXT 1ª FASE CEEB,Nivell C,1,FUTBOL 5,BENJAMÍ,MIXT,Divendres,19:00 h,
"Escola Pia Sant Miquel ""N""",Escola Pia Sant Miquel,FUTBOL 5 BENJAMÍ MIXT 1ª FASE CEEB,Nivell E,1,FUTBOL 5,BENJAMÍ,MIXT,Divendres,19:00 h,
"Col·legi Teresianes de Gràcia (A.E.V.G.) ""A""",Col·legi Teresianes de Gràcia (A.E.V.G.),FUTBOL 5 BENJAMÍ MIXT 1ª FASE CEEB,Nivell E,Fora,FUTBOL 5,BENJAMÍ,MIXT,Divendres,19:00 h,"VULL QUE ELS DOS EQUIPS QUE TINC, JUGUIN EN EL MATEIX TORN DE JORNADA TANT A CASA COM A FORA. NO VULL QUE S'ALTERNIN, PERQUÈ SINÓ M'ES IMPOSSIBLE LOGÍSTICAMENT. ELS DOS DE LOCALS I ELS DOS DE VISITANTS."
"Jesuïtes El Clot-Escola del Clot ""A""",Jesuïtes El Clot-Escola del Clot,FUTBOL 5 BENJAMÍ MIXT 1ª FASE CEEB,Nivell C,2,FUTBOL 5,BENJAMÍ,MIXT,Divendres,20:00 h,
Associació Esportiva Babar,Associació Esportiva Babar,FUTBOL 5 BENJAMÍ MIXT 1ª FASE CEEB,Nivell C,,FUTBOL 5,BENJAMÍ,MIXT,Dissabte,10:00 h,
"Escola Sant Josep Oriol ""A""",Escola Sant Josep Oriol,FUTBOL 5 BENJAMÍ MIXT 1ª FASE CEEB,Nivell D,Casa,FUTBOL 5,BENJAMÍ,MIXT,Divendres,18:00 h,
Club Esportiu Mediterrani,Club Esportiu Mediterrani,FUTBOL 5 BENJAMÍ MIXT 1ª FASE CEEB,Nivell C,Casa,FUTBOL 5,BENJAMÍ,MIXT,Divendres,18:00 h,
Artós Sports Club (FPC CET 10),Artós Sports Club (FPC CET 10),FUTBOL 5 BENJAMÍ MIXT 1ª FASE CEEB,Nivell E,,FUTBOL 5,BENJAMÍ,MIXT,Dissabte,10:00 h,
"Escola Bac de Roda (7 d'Aventura) ""A""",Escola Bac de Roda (7 d'Aventura),FUTBOL 5 BENJAMÍ MIXT 1ª FASE CEEB,Nivell E,1,FUTBOL 5,BENJAMÍ,MIXT,Divendres,19:00 h,
"EFS Vesuvi ""A""",Trinitat Unió Esportiva,FUTBOL 5 BENJAMÍ MIXT 1ª FASE CEEB,Nivell C,4,FUTBOL 5,BENJAMÍ,MIXT,Divendres,18:40 h,
"Club Joventut Les Corts ""A""",Club Joventut Les Corts,FUTBOL 5 BENJAMÍ MIXT 1ª FASE CEEB,Nivell A,Casa,FUTBOL 5,BENJAMÍ,MIXT,Dissabte,09:00 h,
"CE La Salle Gracia ""Groc""",CE La Salle Gracia,FUTBOL 5 BENJAMÍ MIXT 1ª FASE CEEB,Nivell C,5,FUTBOL 5,BENJAMÍ,MIXT,Divendres,18:30 h,
"CE La Salle Gracia ""Negre""",CE La Salle Gracia,FUTBOL 5 BENJAMÍ MIXT 1ª FASE CEEB,Nivell C,1,FUTBOL 5,BENJAMÍ,MIXT,Divendres,18:30 h,
Manyanet Sant Andreu,Manyanet Sant Andreu,FUTBOL 5 BENJAMÍ MIXT 1ª FASE CEEB,Nivell B,1,FUTBOL 5,BENJAMÍ,MIXT,Dissabte,10:00 h,
"OAK House British School ""A""",OAK House British School,FUTBOL 5 BENJAMÍ MIXT 1ª FASE CEEB,Nivell C,5,FUTBOL 5,BENJAMÍ,MIXT,Divendres,18:00 h,LLIGA DELS DIVENDRES
"OAK House British School ""B""",OAK House British School,FUTBOL 5 BENJAMÍ MIXT 1ª FASE CEEB,Nivell C,5,FUTBOL 5,BENJAMÍ,MIXT,Divendres,18:00 h,lLLIGA DELS DIVENDRES
"AF Sant Antoni Futsal ""A""",AF Sant Antoni Futsal,FUTBOL 5 BENJAMÍ MIXT 1ª FASE CEEB,Nivell E,Casa,FUTBOL 5,BENJAMÍ,MIXT,Divendres,19:15 h,
Escola Tabor (CEM Sagrada Familia),Escola Tabor (CEM Sagrada Familia),FUTBOL 5 BENJAMÍ MIXT 1ª FASE CEEB,Nivell C,Casa,FUTBOL 5,BENJAMÍ,MIXT,Dissabte,09:00 h,
Escola Josep Mº Jujol (Valors IPP),Escola Josep Mº Jujol (Valors IPP),FUTBOL 5 BENJAMÍ MIXT 1ª FASE CEEB,Nivell E,Fora,FUTBOL 5,BENJAMÍ,MIXT,Divendres,18:30 h,
"ACE Sansur ""A""",ACE Sansur,FUTBOL 5 BENJAMÍ MIXT 1ª FASE CEEB,Nivell C,Casa,FUTBOL 5,BENJAMÍ,MIXT,Dissabte,11:30 h,
EVEREST Prosperitat P,Escola de Futbol Sala Prosperitat,FUTBOL 5 BENJAMÍ MIXT 1ª FASE CEEB,Nivell B,,FUTBOL 5,BENJAMÍ,MIXT,Dissabte,11:00 h,"ATENDRE LLISTAT DE PETICIÓ PELS CALENDARIS. 6 EQUIPS UN DISSABTE (MENUTS I, MENUTS J, PREBENJAMIN J, PREBENJAMI D, ALEVI FEMENI, CADET FEMENI) 5 EQUIPS EL SEGÜENT DISSABTE (PREALEVI A, PEALEVI F, BENJAMI P, ALEVI E, INFANTIL B)"
"Jesuïtes Casp ""A""",Jesuïtes Casp,FUTBOL 5 BENJAMÍ MIXT 1ª FASE CEEB,Nivell B,3,FUTBOL 5,BENJAMÍ,MIXT,Dissabte,11:15 h,
"Club Esportiu Laietà (Futbol 5) ""A""",Club Esportiu Laietà (Futbol 5),FUTBOL 5 BENJAMÍ MIXT 1ª FASE CEEB,Nivell C,Casa,FUTBOL 5,BENJAMÍ,MIXT,Divendres,18:15 h,
"Escola Pràctiques (AE L'Eixample) ""A""",Escola Pràctiques (AE L'Eixample),FUTBOL 5 BENJAMÍ MIXT 1ª FASE CEEB,Nivell E,1,FUTBOL 5,BENJAMÍ,MIXT,Divendres,19:30 h,
"Escola Joan Miró (AE L'Eixample) ""A""",Escola Joan Miró (AE L'Eixample),FUTBOL 5 BENJAMÍ MIXT 1ª FASE CEEB,Nivell C,4,FUTBOL 5,BENJAMÍ,MIXT,Divendres,18:00 h,
"Lycée Français de Gavà (Bon Soleil) ""A""",Lycée Français de Gavà (Bon Soleil),FUTBOL 5 BENJAMÍ MIXT 1ª FASE CEEB,Nivell A,Fora,FUTBOL 5,BENJAMÍ,MIXT,Divendres,18:00 h,
Institució Montserrat,Institució Montserrat,FUTBOL 5 BENJAMÍ MIXT 1ª FASE CEEB,Nivell E,Fora,FUTBOL 5,BENJAMÍ,MIXT,Divendres,19:15 h,
CE Vincit-Provençalenc B,CE Vincit-Provençalenc,FUTBOL 5 BENJAMÍ MIXT 1ª FASE CEEB,Nivell B,Fora,FUTBOL 5,BENJAMÍ,MIXT,Divendres,18:00 h,
"CE Vincit-Provençalenc ""C""",CE Vincit-Provençalenc,FUTBOL 5 BENJAMÍ MIXT 1ª FASE CEEB,Nivell C,Casa,FUTBOL 5,BENJAMÍ,MIXT,Divendres,19:15 h,
CE Vincit-Provençalenc A,CE Vincit-Provençalenc,FUTBOL 5 BENJAMÍ MIXT 1ª FASE CEEB,Nivell D,Fora,FUTBOL 5,BENJAMÍ,MIXT,Divendres,19:15 h,
Col·legi SAFA Horta,Col·legi SAFA Horta,FUTBOL 5 BENJAMÍ MIXT 1ª FASE CEEB,Nivell E,Casa,FUTBOL 5,BENJAMÍ,MIXT,Divendres,19:00 h,
"Club Esportiu Terra Negra ""A""",Club Esportiu Terra Negra,FUTBOL 5 BENJAMÍ MIXT 1ª FASE CEEB,Nivell E,Casa,FUTBOL 5,BENJAMÍ,MIXT,Dissabte,11:00 h,
"Lycée Français de Gavà (Bon Soleil) ""B""",Lycée Français de Gavà (Bon Soleil),FUTBOL 5 BENJAMÍ MIXT 1ª FASE CEEB,Nivell D,Casa,FUTBOL 5,BENJAMÍ,MIXT,Dissabte,12:00 h,
Centre Montserrat-Xavier,Centre Montserrat-Xavier,FUTBOL 5 BENJAMÍ MIXT 1ª FASE CEEB,Nivell E,Casa,FUTBOL 5,BENJAMÍ,MIXT,Divendres,18:00 h,
"Escola Auró (AE L'Eixample) ""A""",Escola Auró (AE L'Eixample),FUTBOL 5 BENJAMÍ MIXT 1ª FASE CEEB,Nivell C,8,FUTBOL 5,BENJAMÍ,MIXT,Divendres,19:30 h,
Futsal Dante,Futsal Dante,FUTBOL 5 BENJAMÍ MIXT 1ª FASE CEEB,Nivell C,Fora,FUTBOL 5,BENJAMÍ,MIXT,Divendres,19:30 h,
"Escola Brasil (FPC CET 10) ""A""",Escola Brasil (FPC CET 10),FUTBOL 5 BENJAMÍ MIXT 1ª FASE CEEB,Nivell E,Casa,FUTBOL 5,BENJAMÍ,MIXT,Divendres,18:00 h,
"EB Vallcarca Nord (FBC) ""Blau""",EB Vallcarca Nord (FBC),FUTBOL 5 BENJAMÍ MIXT 1ª FASE CEEB,Nivell E,,FUTBOL 5,BENJAMÍ,MIXT,Divendres,18:15 h,
Parc del Guinardó - Gestió Club,Futbol Club Martinenc,FUTBOL 5 BENJAMÍ MIXT 1ª FASE CEEB,Nivell E,Casa,FUTBOL 5,BENJAMÍ,MIXT,Divendres,18:00 h,
Futbol Club Martinenc,Futbol Club Martinenc,FUTBOL 5 BENJAMÍ MIXT 1ª FASE CEEB,Nivell E,Casa,FUTBOL 5,BENJAMÍ,MIXT,Divendres,19:00 h,
"Sant Peter´s School ""C""",Sant Peter´s School,FUTBOL 5 BENJAMÍ MIXT 1ª FASE CEEB,Nivell C,Fora,FUTBOL 5,BENJAMÍ,MIXT,Divendres,18:00 h,
"Acció Sant Martí ""A""",Acció Sant Martí,FUTBOL 5 BENJAMÍ MIXT 1ª FASE CEEB,Nivell E,Casa,FUTBOL 5,BENJAMÍ,MIXT,Divendres,19:30 h,
Artós Sports Club (FPC CET 10) A,Artós Sports Club (FPC CET 10),FUTBOL 5 BENJAMÍ MIXT 1ª FASE CEEB,Nivell A,1,FUTBOL 5,BENJAMÍ,MIXT,Divendres,19:00 h,LLIGA DIVENDRES
Artós Sports Club (FPC CET 10) B,Artós Sports Club (FPC CET 10),FUTBOL 5 BENJAMÍ MIXT 1ª FASE CEEB,Nivell C,5,FUTBOL 5,BENJAMÍ,MIXT,Divendres,19:00 h,LLIGA DIVENDRES
"Club Esportiu Jesús Maria ""A""",Club Esportiu Jesús Maria,FUTBOL 5 BENJAMÍ MIXT 1ª FASE CEEB,Nivell B,3,FUTBOL 5,BENJAMÍ,MIXT,Divendres,18:00 h,
"Club Esportiu Jesús Maria ""B""",Club Esportiu Jesús Maria,FUTBOL 5 BENJAMÍ MIXT 1ª FASE CEEB,Nivell B,3,FUTBOL 5,BENJAMÍ,MIXT,Divendres,18:00 h,
"Escola Diputació - TEAM ""A""",Escola Diputació - TEAM,FUTBOL 5 BENJAMÍ MIXT 1ª FASE CEEB,Nivell E,Casa,FUTBOL 5,BENJAMÍ,MIXT,Divendres,18:00 h,
"Escolàpies de Llúria (FPC CET 10) ""A""",Escolàpies de Llúria (FPC CET 10),FUTBOL 5 BENJAMÍ MIXT 1ª FASE CEEB,Nivell E,Casa,FUTBOL 5,BENJAMÍ,MIXT,Divendres,18:00 h,
Escola Ntra Sra de Lurdes,Escola Ntra Sra de Lurdes,FUTBOL 5 BENJAMÍ MIXT 1ª FASE CEEB,Nivell E,1,FUTBOL 5,BENJAMÍ,MIXT,Dissabte,11:00 h,
"Escola Mallorca (AE L'Eixample) ""A""",Escola Mallorca (AE L'Eixample),FUTBOL 5 BENJAMÍ MIXT 1ª FASE CEEB,Nivell A,Casa,FUTBOL 5,BENJAMÍ,MIXT,Dissabte,10:00 h,
Scala Dei - Futsal Dante,Scala Dei - Futsal Dante,FUTBOL 5 BENJAMÍ MIXT 1ª FASE CEEB,Nivell C,Fora,FUTBOL 5,BENJAMÍ,MIXT,Dissabte,09:30 h,
"Scala Dei - Futsal Dante ""Vermell""",Scala Dei - Futsal Dante,FUTBOL 5 BENJAMÍ MIXT 1ª FASE CEEB,Nivell E,Casa,FUTBOL 5,BENJAMÍ,MIXT,Divendres,18:00 h,
"Escola Suïssa de Barcelona ""A""",Escola Suïssa de Barcelona,FUTBOL 5 BENJAMÍ MIXT 1ª FASE CEEB,Nivell E,2,FUTBOL 5,BENJAMÍ,MIXT,Divendres,19:00 h,
Col·legi Padre Damian Sagrados Corazones,Col·legi Padre Damian Sagrados Corazones,FUTBOL 5 BENJAMÍ MIXT 1ª FASE CEEB,Nivell A,Fora,FUTBOL 5,BENJAMÍ,MIXT,Divendres,18:00 h,
"Centre Montserrat-Xavier ""B""",Centre Montserrat-Xavier,FUTBOL 5 BENJAMÍ MIXT 1ª FASE CEEB,Nivell E,Fora,FUTBOL 5,BENJAMÍ,MIXT,Divendres,18:00 h,
"Kinobs Sports SLU ""A""",Kinobs Sports SLU,FUTBOL 5 BENJAMÍ MIXT 1ª FASE CEEB,Nivell E,7,FUTBOL 5,BENJAMÍ,MIXT,Divendres,18:00 h,
"AE Lycée Français ""A""",AE Lycée Français,FUTBOL 5 BENJAMÍ MIXT 1ª FASE CEEB,Nivell C,2,FUTBOL 5,BENJAMÍ,MIXT,Dissabte,10:30 h,
"Escola Sagrada Familia Sant Andreu ""A""",Escola Sagrada Familia Sant Andreu,FUTBOL 5 BENJAMÍ MIXT 1ª FASE CEEB,Nivell E,8,FUTBOL 5,BENJAMÍ,MIXT,Divendres,19:00 h,
"Escola Thau ""A""",Escola Thau,FUTBOL 5 BENJAMÍ MIXT 1ª FASE CEEB,Nivell C,Casa,FUTBOL 5,BENJAMÍ,MIXT,Divendres,18:00 h,
"Escola Thau ""B""",Escola Thau,FUTBOL 5 BENJAMÍ MIXT 1ª FASE CEEB,Nivell C,Fora,FUTBOL 5,BENJAMÍ,MIXT,Divendres,18:00 h,
Immaculada Concepció d'Horta - Futsal Dante,Immaculada Concepció d'Horta - Futsal Dante,FUTBOL 5 BENJAMÍ MIXT 1ª FASE CEEB,Nivell C,Fora,FUTBOL 5,BENJAMÍ,MIXT,Dissabte,11:00 h,
Escola Grevol,Escola Grevol,FUTBOL 5 BENJAMÍ MIXT 1ª FASE CEEB,Nivell A,7,FUTBOL 5,BENJAMÍ,MIXT,Divendres,19:00 h,
Escola La Sedeta (Valors IPP),Escola La Sedeta (Valors IPP),FUTBOL 5 BENJAMÍ MIXT 1ª FASE CEEB,Nivell C,5,FUTBOL 5,BENJAMÍ,MIXT,Divendres,18:15 h,
Centre d'Estudis Montseny (FPC CET 10),Centre d'Estudis Montseny (FPC CET 10),FUTBOL 5 BENJAMÍ MIXT 1ª FASE CEEB,Nivell D,1,FUTBOL 5,BENJAMÍ,MIXT,Divendres,18:00 h,
Associacio Esportiva de Gracia,Associacio Esportiva de Gracia,FUTBOL 5 BENJAMÍ MIXT 1ª FASE CEEB,Nivell D,6,FUTBOL 5,BENJAMÍ,MIXT,Divendres,18:15 h,
"Fundació Escola Teresianes Ganduxer ""A""",Fundació Escola Teresianes Ganduxer,FUTBOL 5 BENJAMÍ MIXT 1ª FASE CEEB,Nivell C,3,FUTBOL 5,BENJAMÍ,MIXT,Divendres,18:15 h,
"Fundació Escola Teresianes Ganduxer ""B""",Fundació Escola Teresianes Ganduxer,FUTBOL 5 BENJAMÍ MIXT 1ª FASE CEEB,Nivell C,3,FUTBOL 5,BENJAMÍ,MIXT,Divendres,18:15 h,
"Escola de Futbol Sala APC Raval (AECV) ""A""",Escola de Futbol Sala APC Raval (AECV),FUTBOL 5 BENJAMÍ MIXT 1ª FASE CEEB,Nivell D,1,FUTBOL 5,BENJAMÍ,MIXT,Dissabte,09:00 h,
EE Pegaso-Viana,7 d'Aventura,FUTBOL 5 BENJAMÍ MIXT 1ª FASE CEEB,Nivell E,5,FUTBOL 5,BENJAMÍ,MIXT,Divendres,18:00 h,
"Club Esportiu Fabra i Coats ""A""",Club Esportiu Fabra i Coats,FUTBOL 5 BENJAMÍ MIXT 1ª FASE CEEB,Nivell D,7,FUTBOL 5,BENJAMÍ,MIXT,Dissabte,11:30 h,
"Club Esportiu Fabra i Coats ""B""",Club Esportiu Fabra i Coats,FUTBOL 5 BENJAMÍ MIXT 1ª FASE CEEB,Nivell C,7,FUTBOL 5,BENJAMÍ,MIXT,Dissabte,10:30 h,
"Dominiques Barcelona ""Verd""",Dominiques Barcelona,FUTBOL 5 BENJAMÍ MIXT 1ª FASE CEEB,Nivell D,Casa,FUTBOL 5,BENJAMÍ,MIXT,Divendres,19:00 h,
"Dominiques Barcelona ""Negre""",Dominiques Barcelona,FUTBOL 5 BENJAMÍ MIXT 1ª FASE CEEB,Nivell D,Fora,FUTBOL 5,BENJAMÍ,MIXT,Divendres,18:00 h,
Col·legi Abat Oliba Loreto,Col·legi Abat Oliba Loreto,FUTBOL 5 BENJAMÍ MIXT 1ª FASE CEEB,Nivell C,Casa,FUTBOL 5,BENJAMÍ,MIXT,Divendres,18:00 h,
"Aula Escola Europea ""A""",Aula Escola Europea,FUTBOL 5 BENJAMÍ MIXT 1ª FASE CEEB,Nivell C,1,FUTBOL 5,BENJAMÍ,MIXT,Dissabte,10:00 h,
"Escola Brasil (FPC CET 10) ""B""",Escola Brasil (FPC CET 10),FUTBOL 5 BENJAMÍ MIXT 1ª FASE CEEB,Nivell C,Casa,FUTBOL 5,BENJAMÍ,MIXT,Divendres,19:00 h,
"Escola Dolors Monserdà Santapau ""A""",Escola Dolors Monserdà Santapau,FUTBOL 5 BENJAMÍ MIXT 1ª FASE CEEB,Nivell C,Fora,FUTBOL 5,BENJAMÍ,MIXT,Divendres,19:00 h,
"Escola La Farigola del Clot (FPC CET 10) ""A""",Escola La Farigola del Clot (FPC CET 10),FUTBOL 5 BENJAMÍ MIXT 1ª FASE CEEB,Nivell C,1,FUTBOL 5,BENJAMÍ,MIXT,Dissabte,09:30 h,
"Escola Proa ""A""",Escola Proa,FUTBOL 5 BENJAMÍ MIXT 1ª FASE CEEB,Nivell E,5,FUTBOL 5,BENJAMÍ,MIXT,Divendres,18:00 h,
FS Manyanet Les Corts Groc,Futbol Sala Manyanet Les Corts,FUTBOL 5 BENJAMÍ MIXT 1ª FASE CEEB,Nivell C,Casa,FUTBOL 5,BENJAMÍ,MIXT,Divendres,18:15 h,
FS Manyanet Les Corts Verd,Futbol Sala Manyanet Les Corts,FUTBOL 5 BENJAMÍ MIXT 1ª FASE CEEB,Nivell C,Fora,FUTBOL 5,BENJAMÍ,MIXT,Divendres,18:15 h,
Col·legi Santa Dorotea,Col·legi Santa Dorotea,FUTBOL 5 BENJAMÍ MIXT 1ª FASE CEEB,Nivell D,Casa,FUTBOL 5,BENJAMÍ,MIXT,Divendres,18:00 h,
"AE Sant Andreu ""B""",AE Sant Andreu,FUTBOL 5 BENJAMÍ MIXT 1ª FASE CEEB,Nivell B,2,FUTBOL 5,BENJAMÍ,MIXT,Dissabte,12:00 h,
"AE Sant Andreu ""A""",AE Sant Andreu,FUTBOL 5 BENJAMÍ MIXT 1ª FASE CEEB,Nivell B,3,FUTBOL 5,BENJAMÍ,MIXT,Dissabte,11:00 h,
"FC Xavi ""A""",FC Xavi,FUTBOL 5 BENJAMÍ MIXT COPA CEEB 25-26,Nivell A,1,FUTBOL 5,PREBENJAMÍ,MIXT,Divendres,19:00 h,
"FC Xavi ""B""",FC Xavi,FUTBOL 5 BENJAMÍ MIXT COPA CEEB 25-26,Nivell A,1,FUTBOL 5,PREBENJAMÍ,MIXT,Divendres,19:00 h,
"FC Xavi ""C""",FC Xavi,FUTBOL 5 BENJAMÍ MIXT COPA CEEB 25-26,Nivell A,Casa,FUTBOL 5,PREBENJAMÍ,MIXT,Dimarts,19:00 h,
"EFS Vesuvi ""A""",Trinitat Unió Esportiva,FUTBOL 5 BENJAMÍ MIXT COPA CEEB 25-26,Nivell C,4,FUTBOL 5,BENJAMÍ,MIXT,Divendres,18:40 h,
"Jesuïtes El Clot-Escola del Clot ""A""",Jesuïtes El Clot-Escola del Clot,FUTBOL 5 CADET FEMENÍ 1ª FASE CEEB,Nivell C,2,FUTBOL 5,CADET,FEMENÍ,Divendres,20:00 h,
Artós Sports Club (FPC CET 10),Artós Sports Club (FPC CET 10),FUTBOL 5 CADET FEMENÍ 1ª FASE CEEB,Nivell B,Fora,FUTBOL 5,CADET,FEMENÍ,Divendres,19:00 h,
Manyanet Sant Andreu,Manyanet Sant Andreu,FUTBOL 5 CADET FEMENÍ 1ª FASE CEEB,Nivell C,1,FUTBOL 5,CADET,FEMENÍ,Dissabte,12:00 h,
EVEREST Prosperitat,Escola de Futbol Sala Prosperitat,FUTBOL 5 CADET FEMENÍ 1ª FASE CEEB,Nivell B,,FUTBOL 5,CADET,FEMENÍ,Dissabte,13:45 h,"ATENDRE LLISTAT DE PETICIÓ PELS CALENDARIS. 6 EQUIPS UN DISSABTE (MENUTS I, MENUTS J, PREBENJAMIN J, PREBENJAMI D, ALEVI FEMENI, CADET FEMENI) 5 EQUIPS EL SEGÜENT DISSABTE (PREALEVI A, PEALEVI F, BENJAMI P, ALEVI E, INFANTIL B)"
"AI Estel Vallseca ""A""",AI Estel Vallseca,FUTBOL 5 CADET FEMENÍ 1ª FASE CEEB,Nivell C,7,FUTBOL 5,CADET,FEMENÍ,Divendres,20:15 h,
"AI Estel Vallseca ""B""",AI Estel Vallseca,FUTBOL 5 CADET FEMENÍ 1ª FASE CEEB,Nivell E,7,FUTBOL 5,CADET,FEMENÍ,Divendres,19:15 h,
"CELH (CE Alheña) ""A""",CELH (CE Alheña),FUTBOL 5 CADET FEMENÍ 1ª FASE CEEB,Nivell C,Casa,FUTBOL 5,CADET,FEMENÍ,Dissabte,11:00 h,
Manyanet Sant Andreu B,Manyanet Sant Andreu,FUTBOL 5 CADET FEMENÍ 1ª FASE CEEB,Nivell E,1,FUTBOL 5,CADET,FEMENÍ,Dissabte,09:00 h,
FS Manyanet Les Corts,Futbol Sala Manyanet Les Corts,FUTBOL 5 CADET FEMENÍ 1ª FASE CEEB,Nivell C,Fora,FUTBOL 5,CADET,FEMENÍ,Divendres,20:15 h,
"The Benjamin Franklin International School ""A""",The Benjamin Franklin International School,FUTBOL 5 CADET FEMENÍ 1ª FASE CEEB,Nivell E,7,FUTBOL 5,CADET,FEMENÍ,Dijous,18:00 h,
"Escola de Futbol Sala APC Raval (AECV) ""A""",Escola de Futbol Sala APC Raval (AECV),FUTBOL 5 CADET MIXT 1ª FASE CEEB,Nivell B,1,FUTBOL 5,CADET,MIXT,Dissabte,12:00 h,
"Club Esportiu Fabra i Coats ""A""",Club Esportiu Fabra i Coats,FUTBOL 5 CADET MIXT 1ª FASE CEEB,Nivell C,3,FUTBOL 5,CADET,MIXT,Dissabte,11:30 h,
EE Pegaso-Viana,7 d'Aventura,FUTBOL 5 CADET MIXT 1ª FASE CEEB,Nivell E,1,FUTBOL 5,CADET,MIXT,Divendres,19:00 h,
"Escola Garbí ""A""",Escola Garbí,FUTBOL 5 CADET MIXT 1ª FASE CEEB,Nivell C,Fora,FUTBOL 5,CADET,MIXT,Divendres,18:00 h,
"Escola Súnion ""A""",Escola Súnion,FUTBOL 5 CADET MIXT 1ª FASE CEEB,Nivell E,6,FUTBOL 5,CADET,MIXT,Divendres,18:30 h,
"Dominiques Barcelona ""A""",Dominiques Barcelona,FUTBOL 5 CADET MIXT 1ª FASE CEEB,Nivell D,Casa,FUTBOL 5,CADET,MIXT,Divendres,19:00 h,
"Club Esportiu Fabra i Coats ""B""",Club Esportiu Fabra i Coats,FUTBOL 5 CADET MIXT 1ª FASE CEEB,Nivell C,7,FUTBOL 5,CADET,MIXT,Dissabte,12:00 h,
"Escola Frederic Mistral-Tècnic Eulàlia (Sarrià) ""A""",Escola Frederic Mistral-Tècnic Eulàlia (Sarrià),FUTBOL 5 CADET MIXT 1ª FASE CEEB,Nivell A,2,FUTBOL 5,CADET,MIXT,Divendres,19:00 h,
FS Manyanet Les Corts,Futbol Sala Manyanet Les Corts,FUTBOL 5 CADET MIXT 1ª FASE CEEB,Nivell C,Casa,FUTBOL 5,CADET,MIXT,Divendres,19:15 h,
"Escola Pere Verges ""A""",Escola Pere Verges,FUTBOL 5 CADET MIXT 1ª FASE CEEB,Nivell C,Casa,FUTBOL 5,CADET,MIXT,Divendres,19:15 h,
Escola Pia Sant Miquel,Escola Pia Sant Miquel,FUTBOL 5 CADET MIXT 1ª FASE CEEB,Nivell C,1,FUTBOL 5,CADET,MIXT,Dissabte,09:30 h,
Artós Sports Club (FPC CET 10),Artós Sports Club (FPC CET 10),FUTBOL 5 CADET MIXT 1ª FASE CEEB,Nivell E,5,FUTBOL 5,CADET,MIXT,Dissabte,12:00 h,
"Escola Bac de Roda (7 d'Aventura) ""A""",Escola Bac de Roda (7 d'Aventura),FUTBOL 5 CADET MIXT 1ª FASE CEEB,Nivell E,5,FUTBOL 5,CADET,MIXT,Divendres,20:00 h,
"CE La Salle Gracia ""Negre""",CE La Salle Gracia,FUTBOL 5 CADET MIXT 1ª FASE CEEB,Nivell C,1,FUTBOL 5,CADET,MIXT,Divendres,20:30 h,
"OAK House British School ""A""",OAK House British School,FUTBOL 5 CADET MIXT 1ª FASE CEEB,Nivell D,5,FUTBOL 5,CADET,MIXT,Divendres,20:00 h,LLIGA DELS DISSABTES
"Lycée Français de Gavà (Bon Soleil) ""A""",Lycée Français de Gavà (Bon Soleil),FUTBOL 5 CADET MIXT 1ª FASE CEEB,Nivell B,Casa,FUTBOL 5,CADET,MIXT,Divendres,20:00 h,
"Club Esportiu Laietà (Futbol 5) ""A""",Club Esportiu Laietà (Futbol 5),FUTBOL 5 CADET MIXT 1ª FASE CEEB,Nivell E,Casa,FUTBOL 5,CADET,MIXT,Divendres,20:15 h,
CE Vincit-Provençalenc D,CE Vincit-Provençalenc,FUTBOL 5 CADET MIXT 1ª FASE CEEB,Nivell C,Fora,FUTBOL 5,CADET,MIXT,Divendres,20:00 h,
"ACE Sansur ""A""",ACE Sansur,FUTBOL 5 CADET MIXT 1ª FASE CEEB,Nivell C,Casa,FUTBOL 5,CADET,MIXT,Dissabte,13:30 h,
"Pam Roig (FPC CET 10) ""A""",Pam Roig (FPC CET 10),FUTBOL 5 CADET MIXT 1ª FASE CEEB,Nivell E,Fora,FUTBOL 5,CADET,MIXT,Divendres,18:00 h,
SantÍssima Trinitat (Hermanas Trinitarias),SantÍssima Trinitat (Hermanas Trinitarias),FUTBOL 5 CADET MIXT 1ª FASE CEEB,Nivell B,,FUTBOL 5,CADET,MIXT,Dissabte,10:00 h,
"Artós Sports Club (FPC CET 10) ""B""",Artós Sports Club (FPC CET 10),FUTBOL 5 CADET MIXT 1ª FASE CEEB,Nivell E,1,FUTBOL 5,CADET,MIXT,Divendres,20:45 h,LLIGA DIVENDRES
"Artós Sports Club (FPC CET 10) ""A""",Artós Sports Club (FPC CET 10),FUTBOL 5 CADET MIXT 1ª FASE CEEB,Nivell C,5,FUTBOL 5,CADET,MIXT,Divendres,20:45 h,LLIGA DIVENDRES
"Club Esportiu Jesús Maria ""A""",Club Esportiu Jesús Maria,FUTBOL 5 CADET MIXT 1ª FASE CEEB,Nivell B,7,FUTBOL 5,CADET,MIXT,Divendres,19:00 h,
"Escola de Futbol Sala Sant Marc de Sarrià ""A""",Escola de Futbol Sala Sant Marc de Sarrià,FUTBOL 5 CADET MIXT 1ª FASE CEEB,Nivell E,Casa,FUTBOL 5,CADET,MIXT,Divendres,19:00 h,por favor que nos pongan colegios los mas cercanos posibles
"The Benjamin Franklin International School ""B""",The Benjamin Franklin International School,FUTBOL 5 CADET MIXT 1ª FASE CEEB,Nivell E,7,FUTBOL 5,CADET,MIXT,Divendres,20:00 h,
"Institut Viladomat - TEAM ""A""",Institut Viladomat - TEAM,FUTBOL 5 CADET MIXT 1ª FASE CEEB,Nivell E,Casa,FUTBOL 5,CADET,MIXT,Divendres,19:15 h,
Col·legi Padre Damian Sagrados Corazones,Col·legi Padre Damian Sagrados Corazones,FUTBOL 5 CADET MIXT 1ª FASE CEEB,Nivell C,Fora,FUTBOL 5,CADET,MIXT,Divendres,19:15 h,
"Escola Sagrada Familia Sant Andreu ""A""",Escola Sagrada Familia Sant Andreu,FUTBOL 5 CADET MIXT 1ª FASE CEEB,Nivell E,4,FUTBOL 5,CADET,MIXT,Divendres,20:00 h,
"The Benjamin Franklin International School ""A""",The Benjamin Franklin International School,FUTBOL 5 CADET MIXT 1ª FASE CEEB,Nivell E,7,FUTBOL 5,CADET,MIXT,Divendres,19:00 h,
"AEE Institut Jaume Balmes ""A""",AEE Institut Jaume Balmes,FUTBOL 5 CADET MIXT 1ª FASE CEEB,Nivell C,8,FUTBOL 5,CADET,MIXT,Dissabte,10:00 h,
Braval,Braval,FUTBOL 5 CADET MIXT 1ª FASE CEEB,Nivell A,7,FUTBOL 5,CADET,MIXT,Dissabte,10:30 h,
"Fundació Escola Teresianes Ganduxer ""A""",Fundació Escola Teresianes Ganduxer,FUTBOL 5 CADET MIXT 1ª FASE CEEB,Nivell C,3,FUTBOL 5,CADET,MIXT,Divendres,19:15 h,
"Fundació Escola Teresianes Ganduxer ""B""",Fundació Escola Teresianes Ganduxer,FUTBOL 5 CADET MIXT 1ª FASE CEEB,Nivell C,3,FUTBOL 5,CADET,MIXT,Divendres,19:15 h,
Associació Esportiva Babar,Associació Esportiva Babar,FUTBOL 5 INFANTIL FEMENÍ 1ª FASE CEEB,Nivell C,,FUTBOL 5,INFANTIL,FEMENÍ,Dissabte,11:15 h,
"Artós Sports Club (FPC CET 10) ""A""",Artós Sports Club (FPC CET 10),FUTBOL 5 INFANTIL FEMENÍ 1ª FASE CEEB,Nivell B,Casa,FUTBOL 5,INFANTIL,FEMENÍ,Divendres,19:00 h,
CE Vincit-Provençalenc,CE Vincit-Provençalenc,FUTBOL 5 INFANTIL FEMENÍ 1ª FASE CEEB,Nivell C,Fora,FUTBOL 5,INFANTIL,FEMENÍ,Divendres,19:00 h,
Escola Grevol,Escola Grevol,FUTBOL 5 INFANTIL FEMENÍ 1ª FASE CEEB,Nivell B,7,FUTBOL 5,INFANTIL,FEMENÍ,Dissabte,11:30 h,
Centre d'Estudis Montseny (FPC CET 10),Centre d'Estudis Montseny (FPC CET 10),FUTBOL 5 INFANTIL FEMENÍ 1ª FASE CEEB,Nivell C,1,FUTBOL 5,INFANTIL,FEMENÍ,Divendres,19:00 h,Juguen fora de competició
"Club Esportiu Fabra i Coats ""A""",Club Esportiu Fabra i Coats,FUTBOL 5 INFANTIL FEMENÍ 1ª FASE CEEB,Nivell C,3,FUTBOL 5,INFANTIL,FEMENÍ,Dissabte,12:00 h,
FS Manyanet Les Corts,Futbol Sala Manyanet Les Corts,FUTBOL 5 INFANTIL FEMENÍ 1ª FASE CEEB,Nivell C,Fora,FUTBOL 5,INFANTIL,FEMENÍ,Divendres,19:15 h,
"Escola de Futbol Sala APC Raval (AECV) ""A""",Escola de Futbol Sala APC Raval (AECV),FUTBOL 5 INFANTIL MIXT 1ª FASE CEEB,Nivell B,5,FUTBOL 5,INFANTIL,MIXT,Divendres,19:00 h,
"Club Esportiu Fabra i Coats ""B""",Club Esportiu Fabra i Coats,FUTBOL 5 INFANTIL MIXT 1ª FASE CEEB,Nivell C,7,FUTBOL 5,INFANTIL,MIXT,Divendres,20:30 h,
EE Pegaso-Viana,7 d'Aventura,FUTBOL 5 INFANTIL MIXT 1ª FASE CEEB,Nivell E,5,FUTBOL 5,INFANTIL,MIXT,Dissabte,10:00 h,
"Club Esportiu Fabra i Coats ""A""",Club Esportiu Fabra i Coats,FUTBOL 5 INFANTIL MIXT 1ª FASE CEEB,Nivell C,3,FUTBOL 5,INFANTIL,MIXT,Dissabte,11:30 h,
Escola Pia Sant Miquel,Escola Pia Sant Miquel,FUTBOL 5 INFANTIL MIXT 1ª FASE CEEB,Nivell C,1,FUTBOL 5,INFANTIL,MIXT,Dissabte,08:45 h,
Associació Esportiva Babar,Associació Esportiva Babar,FUTBOL 5 INFANTIL MIXT 1ª FASE CEEB,Nivell C,,FUTBOL 5,INFANTIL,MIXT,Dissabte,12:30 h,
"Escola Bac de Roda (7 d'Aventura) ""A""",Escola Bac de Roda (7 d'Aventura),FUTBOL 5 INFANTIL MIXT 1ª FASE CEEB,Nivell E,5,FUTBOL 5,INFANTIL,MIXT,Divendres,19:00 h,
"Escola Costa i Llobera (AE Can Caralleu) ""Groc""",Escola Costa i Llobera (AE Can Caralleu),FUTBOL 5 INFANTIL MIXT 1ª FASE CEEB,Nivell D,1,FUTBOL 5,INFANTIL,MIXT,Divendres,18:00 h,
"CE La Salle Gracia ""Negre""",CE La Salle Gracia,FUTBOL 5 INFANTIL MIXT 1ª FASE CEEB,Nivell C,5,FUTBOL 5,INFANTIL,MIXT,Divendres,20:30 h,
Institut Goya SPOT,Àngels Roig SPOT,FUTBOL 5 INFANTIL MIXT 1ª FASE CEEB,Nivell E,1,FUTBOL 5,INFANTIL,MIXT,Divendres,18:00 h,
"OAK House British School ""A""",OAK House British School,FUTBOL 5 INFANTIL MIXT 1ª FASE CEEB,Nivell D,5,FUTBOL 5,INFANTIL,MIXT,Divendres,20:00 h,LLIGA DELS DIVENDRES
EVEREST Prosperitat B,Escola de Futbol Sala Prosperitat,FUTBOL 5 INFANTIL MIXT 1ª FASE CEEB,Nivell B,,FUTBOL 5,INFANTIL,MIXT,Dissabte,13:00 h,"ATENDRE LLISTAT DE PETICIÓ PELS CALENDARIS. 6 EQUIPS UN DISSABTE (MENUTS I, MENUTS J, PREBENJAMIN J, PREBENJAMI D, ALEVI FEMENI, CADET FEMENI) 5 EQUIPS EL SEGÜENT DISSABTE (PREALEVI A, PEALEVI F, BENJAMI P, ALEVI E, INFANTIL B)"
"ACE Sansur ""D""",ACE Sansur,FUTBOL 5 INFANTIL MIXT 1ª FASE CEEB,Nivell C,Fora,FUTBOL 5,INFANTIL,MIXT,Divendres,18:00 h,
"Institut Ernest Lluch (AE L'Eixample) ""A""",Institut Ernest Lluch (AE L'Eixample),FUTBOL 5 INFANTIL MIXT 1ª FASE CEEB,Nivell C,4,FUTBOL 5,INFANTIL,MIXT,Divendres,19:00 h,
"Lycée Français de Gavà (Bon Soleil) ""A""",Lycée Français de Gavà (Bon Soleil),FUTBOL 5 INFANTIL MIXT 1ª FASE CEEB,Nivell A,Fora,FUTBOL 5,INFANTIL,MIXT,Divendres,20:00 h,
"AI Estel Vallseca ""A""",AI Estel Vallseca,FUTBOL 5 INFANTIL MIXT 1ª FASE CEEB,Nivell E,3,FUTBOL 5,INFANTIL,MIXT,Divendres,20:15 h,
CE Vincit-Provençalenc D,CE Vincit-Provençalenc,FUTBOL 5 INFANTIL MIXT 1ª FASE CEEB,Nivell C,Casa,FUTBOL 5,INFANTIL,MIXT,Divendres,20:00 h,
"Club Esportiu Terra Negra ""A""",Club Esportiu Terra Negra,FUTBOL 5 INFANTIL MIXT 1ª FASE CEEB,Nivell C,Casa,FUTBOL 5,INFANTIL,MIXT,Dissabte,12:00 h,
"Sant Peter´s School ""C""",Sant Peter´s School,FUTBOL 5 INFANTIL MIXT 1ª FASE CEEB,Nivell C,Fora,FUTBOL 5,INFANTIL,MIXT,Divendres,20:00 h,
Futsal Dante,Futsal Dante,FUTBOL 5 INFANTIL MIXT 1ª FASE CEEB,Nivell E,Fora,FUTBOL 5,INFANTIL,MIXT,Divendres,19:30 h,
SantÍssima Trinitat (Hermanas Trinitarias),SantÍssima Trinitat (Hermanas Trinitarias),FUTBOL 5 INFANTIL MIXT 1ª FASE CEEB,Nivell D,,FUTBOL 5,INFANTIL,MIXT,Dissabte,09:00 h,
"Artós Sports Club (FPC CET 10) ""A""",Artós Sports Club (FPC CET 10),FUTBOL 5 INFANTIL MIXT 1ª FASE CEEB,Nivell A,1,FUTBOL 5,INFANTIL,MIXT,Divendres,19:45 h,LLIGA DIVENDRES
"Club Esportiu Jesús Maria ""A""",Club Esportiu Jesús Maria,FUTBOL 5 INFANTIL MIXT 1ª FASE CEEB,Nivell C,7,FUTBOL 5,INFANTIL,MIXT,Divendres,19:00 h,
"Club Esportiu Mediterrani ""A""",Club Esportiu Mediterrani,FUTBOL 5 INFANTIL MIXT 1ª FASE CEEB,Nivell B,Casa,FUTBOL 5,INFANTIL,MIXT,Dissabte,09:00 h,
"IES Poeta Maragall ""A""",IES Poeta Maragall,FUTBOL 5 INFANTIL MIXT 1ª FASE CEEB,Nivell E,Fora,FUTBOL 5,INFANTIL,MIXT,Divendres,18:00 h,
Manyanet Sant Andreu,Manyanet Sant Andreu,FUTBOL 5 INFANTIL MIXT 1ª FASE CEEB,Nivell C,1,FUTBOL 5,INFANTIL,MIXT,Dissabte,11:00 h,
"Institut Viladomat - TEAM ""A""",Institut Viladomat - TEAM,FUTBOL 5 INFANTIL MIXT 1ª FASE CEEB,Nivell E,Casa,FUTBOL 5,INFANTIL,MIXT,Divendres,18:00 h,
"Kinobs Sports SLU ""A""",Kinobs Sports SLU,FUTBOL 5 INFANTIL MIXT 1ª FASE CEEB,Nivell E,3,FUTBOL 5,INFANTIL,MIXT,Divendres,18:00 h,
Scala Dei - Futsal Dante,Scala Dei - Futsal Dante,FUTBOL 5 INFANTIL MIXT 1ª FASE CEEB,Nivell E,Casa,FUTBOL 5,INFANTIL,MIXT,Divendres,19:00 h,
Centre Montserrat-Xavier,Centre Montserrat-Xavier,FUTBOL 5 INFANTIL MIXT 1ª FASE CEEB,Nivell E,Fora,FUTBOL 5,INFANTIL,MIXT,Divendres,20:00 h,
"AE Lycée Français ""A""",AE Lycée Français,FUTBOL 5 INFANTIL MIXT 1ª FASE CEEB,Nivell C,2,FUTBOL 5,INFANTIL,MIXT,Dissabte,11:30 h,
Escola Grevol,Escola Grevol,FUTBOL 5 INFANTIL MIXT 1ª FASE CEEB,Nivell A,3,FUTBOL 5,INFANTIL,MIXT,Divendres,19:00 h,
"AEE Institut Jaume Balmes ""A""",AEE Institut Jaume Balmes,FUTBOL 5 INFANTIL MIXT 1ª FASE CEEB,Nivell C,4,FUTBOL 5,INFANTIL,MIXT,Dissabte,09:00 h,
Associacio Esportiva de Gracia,Associacio Esportiva de Gracia,FUTBOL 5 INFANTIL MIXT 1ª FASE CEEB,Nivell B,2,FUTBOL 5,INFANTIL,MIXT,Divendres,19:15 h,
Braval,Braval,FUTBOL 5 INFANTIL MIXT 1ª FASE CEEB,Nivell A,3,FUTBOL 5,INFANTIL,MIXT,Dissabte,10:30 h,
"Fundació Escola Teresianes Ganduxer ""A""",Fundació Escola Teresianes Ganduxer,FUTBOL 5 INFANTIL MIXT 1ª FASE CEEB,Nivell C,7,FUTBOL 5,INFANTIL,MIXT,Divendres,19:15 h,
"Escola Súnion ""A""",Escola Súnion,FUTBOL 5 JÚNIOR FEMENÍ 1ª FASE CEEB,Nivell E,2,FUTBOL 5,JÚNIOR,FEMENÍ,Divendres,20:30 h,
"Club Esportiu Fabra i Coats ""A""",Club Esportiu Fabra i Coats,FUTBOL 5 JÚNIOR MIXT 1ª FASE CEEB,Nivell C,3,FUTBOL 5,JÚNIOR,MIXT,Dissabte,12:30 h,
"Club Esportiu Fabra i Coats ""B""",Club Esportiu Fabra i Coats,FUTBOL 5 JÚNIOR MIXT 1ª FASE CEEB,Nivell C,3,FUTBOL 5,JÚNIOR,MIXT,Dissabte,11:00 h,
"Fundació Escola Teresianes Ganduxer ""A""",Fundació Escola Teresianes Ganduxer,FUTBOL 5 JÚNIOR MIXT 1ª FASE CEEB,Nivell C,7,FUTBOL 5,JÚNIOR,MIXT,Divendres,20:30 h,
CE Vincit-Provençalenc B,CE Vincit-Provençalenc,FUTBOL 5 JUVENIL FEMENÍ 1ª FASE CEEB,Nivell D,Fora,FUTBOL 5,JUVENIL,FEMENÍ,Divendres,20:00 h,
Col·legi Sagrat Cor Sarrià,Col·legi Sagrat Cor Sarrià,FUTBOL 5 JUVENIL FEMENÍ 1ª FASE CEEB,Nivell E,Casa,FUTBOL 5,JUVENIL,FEMENÍ,Divendres,18:00 h,
"Fundació Brafa ""A""",Fundació Brafa,FUTBOL 5 JUVENIL MIXT 1ª FASE CEEB,Nivell C,Casa,FUTBOL 5,JUVENIL,MIXT,Dissabte,15:45 h,AQUEST EQUIP ALTERNA PISTA AMB EL NOSTRE JUVENIL B DE FUTBOL SALA. PRIMERA JORNADA A CASA.
"Fundació Brafa ""B""",Fundació Brafa,FUTBOL 5 JUVENIL MIXT 1ª FASE CEEB,Nivell D,Fora,FUTBOL 5,JUVENIL,MIXT,Dissabte,15:45 h,AQUEST EQUIP ALTERNA CAMP AMB EL NOSTRE JUVENIL A DE F. SALA. PRIMERA JORNADA HA DE JUGAR FORA.
"OAK House British School ""A""",OAK House British School,FUTBOL 5 JUVENIL MIXT 1ª FASE CEEB,Nivell C,1,FUTBOL 5,JUVENIL,MIXT,Divendres,20:00 h,LLIGA DELS DIVENDRES
"Institut Ernest Lluch (AE L'Eixample) ""A""",Institut Ernest Lluch (AE L'Eixample),FUTBOL 5 JUVENIL MIXT 1ª FASE CEEB,Nivell C,4,FUTBOL 5,JUVENIL,MIXT,Divendres,19:15 h,
"Institut Ernest Lluch (AE L'Eixample) ""B""",Institut Ernest Lluch (AE L'Eixample),FUTBOL 5 JUVENIL MIXT 1ª FASE CEEB,Nivell C,4,FUTBOL 5,JUVENIL,MIXT,Divendres,18:15 h,
"Lycée Français de Gavà (Bon Soleil) ""A""",Lycée Français de Gavà (Bon Soleil),FUTBOL 5 JUVENIL MIXT 1ª FASE CEEB,Nivell A,Casa,FUTBOL 5,JUVENIL,MIXT,Divendres,19:00 h,
"Artós Sports Club (FPC CET 10) ""A""",Artós Sports Club (FPC CET 10),FUTBOL 5 JUVENIL MIXT 1ª FASE CEEB,Nivell A,1,FUTBOL 5,JUVENIL,MIXT,Dissabte,10:00 h,LLIGA DIVENDRES SIUSPLAU
"AE Lycée Français ""A""",AE Lycée Français,FUTBOL 5 JUVENIL MIXT 1ª FASE CEEB,Nivell C,2,FUTBOL 5,JUVENIL,MIXT,Dissabte,11:30 h,
Immaculada Concepció d'Horta - Futsal Dante,Immaculada Concepció d'Horta - Futsal Dante,FUTBOL 5 JUVENIL MIXT 1ª FASE CEEB,Nivell B,Casa,FUTBOL 5,JUVENIL,MIXT,Dissabte,12:00 h,
"AEE Institut Jaume Balmes ""A""",AEE Institut Jaume Balmes,FUTBOL 5 JUVENIL MIXT 1ª FASE CEEB,Nivell C,8,FUTBOL 5,JUVENIL,MIXT,Divendres,18:00 h,
Escola de Futbol Sala APC Raval (AECV),Escola de Futbol Sala APC Raval (AECV),FUTBOL 5 JUVENIL MIXT 1ª FASE CEEB,Nivell B,5,FUTBOL 5,JUVENIL,MIXT,Dissabte,12:00 h,
"Club Esportiu Fabra i Coats ""B""",Club Esportiu Fabra i Coats,FUTBOL 5 JUVENIL MIXT 1ª FASE CEEB,Nivell C,7,FUTBOL 5,JUVENIL,MIXT,Divendres,19:45 h,
"Escola Garbí ""A""",Escola Garbí,FUTBOL 5 JUVENIL MIXT 1ª FASE CEEB,Nivell C,Casa,FUTBOL 5,JUVENIL,MIXT,Divendres,18:00 h,
"Club Esportiu Fabra i Coats ""A""",Club Esportiu Fabra i Coats,FUTBOL 5 JUVENIL MIXT 1ª FASE CEEB,Nivell C,3,FUTBOL 5,JUVENIL,MIXT,Dissabte,12:30 h,
FS Manyanet Les Corts B,Futbol Sala Manyanet Les Corts,FUTBOL 5 JUVENIL MIXT 1ª FASE CEEB,Nivell C,Casa,FUTBOL 5,JUVENIL,MIXT,Divendres,20:45 h,
FS Manyanet Les Corts A,Futbol Sala Manyanet Les Corts,FUTBOL 5 JUVENIL MIXT 1ª FASE CEEB,Nivell C,Fora,FUTBOL 5,JUVENIL,MIXT,Divendres,20:45 h,
"Col·legi Madres Concepcionistes ""A""",Col·legi Madres Concepcionistes,FUTBOL 5 JUVENIL MIXT 1ª FASE CEEB,Nivell E,,FUTBOL 5,JUVENIL,MIXT,Divendres,20:00 h,
"Club de Futbol Poblenou 2023 ""A""",Club de Futbol Poblenou 2023,FUTBOL 5 LLIGA ABSOLUTA FEMENÍ 1ª FASE CEEB,Nivell E,,FUTBOL 5,SÈNIOR,FEMENÍ,Divendres,20:30 h,
Associació Can Baró Cultural,Associació Can Baró Cultural,FUTBOL 5 LLIGA ABSOLUTA FEMENÍ 1ª FASE CEEB,Nivell A,Casa,FUTBOL 5,SÈNIOR,FEMENÍ,Divendres,21:15 h,
"Jesuïtes El Clot-Escola del Clot ""A""",Jesuïtes El Clot-Escola del Clot,FUTBOL 5 LLIGA ABSOLUTA FEMENÍ 1ª FASE CEEB,Nivell D,6,FUTBOL 5,SÈNIOR,FEMENÍ,Divendres,21:00 h,
"Jesuïtes El Clot-Escola del Clot ""B""",Jesuïtes El Clot-Escola del Clot,FUTBOL 5 LLIGA ABSOLUTA MIXT 1ª FASE CEEB,Nivell D,2,FUTBOL 5,SÈNIOR,MIXT,Divendres,21:00 h,
"Jesuïtes El Clot-Escola del Clot ""A""",Jesuïtes El Clot-Escola del Clot,FUTBOL 5 LLIGA ABSOLUTA MIXT 1ª FASE CEEB,Nivell C,6,FUTBOL 5,SÈNIOR,MIXT,Dissabte,10:00 h,
Coret AE,Coret AE,FUTBOL 5 LLIGA ABSOLUTA MIXT 1ª FASE CEEB,Nivell C,,FUTBOL 5,SÈNIOR,MIXT,Diumenge,11:00 h,
"AI Estel Vallseca ""A""",AI Estel Vallseca,FUTBOL 5 LLIGA ABSOLUTA MIXT 1ª FASE CEEB,Nivell A,3,FUTBOL 5,SÈNIOR,MIXT,Divendres,21:15 h,
Col·legi Teresianes de Gràcia (A.E.V.G.),Col·legi Teresianes de Gràcia (A.E.V.G.),FUTBOL 5 LLIGA ABSOLUTA MIXT 1ª FASE CEEB,Nivell E,Fora,FUTBOL 5,SÈNIOR,MIXT,Dimecres,21:30 h,"a casa juguem els dimecres a les 21:30 h, però el sistema no m'ho permet posar."
"Futsal Comtal ""C""",Futsal Comtal,FUTBOL 5 LLIGA ABSOLUTA MIXT 1ª FASE CEEB,Nivell E,Indiferent,FUTBOL 5,SÈNIOR,MIXT,Divendres,21:15 h,
"Fundació Escola Teresianes Ganduxer ""A""",Fundació Escola Teresianes Ganduxer,FUTBOL 5 LLIGA ABSOLUTA MIXT 1ª FASE CEEB,Nivell C,3,FUTBOL 5,SÈNIOR,MIXT,Divendres,20:30 h,
Col·legi Abat Oliba - Spínola,Col·legi Abat Oliba - Spínola,FUTBOL 5 LLIGA ABSOLUTA MIXT 1ª FASE CEEB,Nivell C,5,FUTBOL 5,SÈNIOR,MIXT,Divendres,19:00 h,
"Club Esportiu Fabra i Coats ""A""",Club Esportiu Fabra i Coats,FUTBOL 5 LLIGA JOVE FEMENÍ 1ª FASE CEEB,Nivell C,3,FUTBOL 5,SÈNIOR,FEMENÍ,Divendres,21:00 h,
"APA Poble Sec CE ""C""",APA Poble Sec CE,FUTBOL 5 LLIGA JOVE FEMENÍ 1ª FASE CEEB,Nivell D,Casa,FUTBOL 5,SÈNIOR,FEMENÍ,Divendres,21:15 h,
"Club Esportiu DMS ""A""",Club Esportiu DMS,FUTBOL 5 LLIGA JOVE FEMENÍ 1ª FASE CEEB,Nivell A,Fora,FUTBOL 5,SÈNIOR,FEMENÍ,Divendres,20:15 h,
Centre Montserrat-Xavier,Centre Montserrat-Xavier,FUTBOL 5 LLIGA JOVE FEMENÍ 1ª FASE CEEB,Nivell E,Casa,FUTBOL 5,SÈNIOR,FEMENÍ,Divendres,20:00 h,
"Centre Montserrat-Xavier ""A""",Centre Montserrat-Xavier,FUTBOL 5 LLIGA JOVE FEMENÍ 1ª FASE CEEB,Nivell A,Casa,FUTBOL 5,SÈNIOR,FEMENÍ,Divendres,20:00 h,
"Centre Eines ""A""",Centre Eines,FUTBOL 5 LLIGA JOVE FEMENÍ 1ª FASE CEEB,Nivell B,,FUTBOL 5,SÈNIOR,FEMENÍ,Divendres,21:00 h,
"Futsal Rosario Central ""A""",Futsal Rosario Central,FUTBOL 5 LLIGA JOVE FEMENÍ 1ª FASE CEEB,Nivell C,8,FUTBOL 5,SÈNIOR,FEMENÍ,Divendres,21:00 h,"Coincidir amb Lliga Jove Mixt ""A"" gràcies"
Manyanet Sant Andreu,Manyanet Sant Andreu,FUTBOL 5 LLIGA JOVE FEMENÍ 1ª FASE CEEB,Nivell D,1,FUTBOL 5,SÈNIOR,FEMENÍ,Dissabte,13:00 h,
"AEE Institut Jaume Balmes ""A""",AEE Institut Jaume Balmes,FUTBOL 5 LLIGA JOVE FEMENÍ 1ª FASE CEEB,Nivell C,8,FUTBOL 5,SÈNIOR,FEMENÍ,Dissabte,13:00 h,
"Escolàpies Legends ""A""",Escolàpies Legends,FUTBOL 5 LLIGA JOVE MIXT 1ª FASE CEEB,Nivell C,Indiferent,FUTBOL 5,SÈNIOR,MIXT,Divendres,19:30 h,
Casal de Joves Zona Nord,Associació Juvenil Casal de Jove Zona Nord,FUTBOL 5 LLIGA JOVE MIXT 1ª FASE CEEB,Nivell B,Indiferent,FUTBOL 5,SÈNIOR,MIXT,Dissabte,10:30 h,
"Institut Ernest Lluch (AE L'Eixample) ""A""",Institut Ernest Lluch (AE L'Eixample),FUTBOL 5 LLIGA JOVE MIXT 1ª FASE CEEB,Nivell C,4,FUTBOL 5,SÈNIOR,MIXT,Divendres,19:15 h,
"Futsal Rosario Central ""A""",Futsal Rosario Central,FUTBOL 5 LLIGA JOVE MIXT 1ª FASE CEEB,Nivell C,8,FUTBOL 5,SÈNIOR,MIXT,Divendres,20:00 h,"Coincidir en divendres tarda amb el FEMENI ""A"" lliga jove femeni."
"Futsal Rosario Central ""B""",Futsal Rosario Central,FUTBOL 5 LLIGA JOVE MIXT 1ª FASE CEEB,Nivell B,4,FUTBOL 5,SÈNIOR,MIXT,Divendres,20:00 h,Coincidir amb equips BENJAMI/ALEVI
Manyanet Sant Andreu,Manyanet Sant Andreu,FUTBOL 5 LLIGA JOVE MIXT 1ª FASE CEEB,Nivell B,1,FUTBOL 5,SÈNIOR,MIXT,Dissabte,10:00 h,
"AEE Institut Jaume Balmes ""A""",AEE Institut Jaume Balmes,FUTBOL 5 LLIGA JOVE MIXT 1ª FASE CEEB,Nivell C,8,FUTBOL 5,SÈNIOR,MIXT,Dissabte,13:00 h,
"AEE Institut Jaume Balmes ""B""",AEE Institut Jaume Balmes,FUTBOL 5 LLIGA JOVE MIXT 1ª FASE CEEB,Nivell C,8,FUTBOL 5,SÈNIOR,MIXT,Dissabte,12:00 h,
"AEE Institut Jaume Balmes ""C""",AEE Institut Jaume Balmes,FUTBOL 5 LLIGA JOVE MIXT 1ª FASE CEEB,Nivell C,8,FUTBOL 5,SÈNIOR,MIXT,Dissabte,11:00 h,"Com vam fer l'any passat, ens agradaria que aquest equip jugués a la categoria LLIGA JOVE FEMENINA. És el mateix equip que l'any passat i creiem que encara no tenen el suficient nivell per jugar a la lliga jove masculina. Esperem que es pugui fer aquest canvi, òbviament sense entrar en competició, moltes gràcies!!"
Associacio Esportiva de Gracia,Associacio Esportiva de Gracia,FUTBOL 5 LLIGA JOVE MIXT 1ª FASE CEEB,Nivell B,6,FUTBOL 5,SÈNIOR,MIXT,Divendres,20:15 h,
"Club Esportiu Fabra i Coats ""A""",Club Esportiu Fabra i Coats,FUTBOL 5 LLIGA JOVE MIXT 1ª FASE CEEB,Nivell C,7,FUTBOL 5,SÈNIOR,MIXT,Divendres,21:00 h,
"Escola Pere Verges ""A""",Escola Pere Verges,FUTBOL 5 LLIGA JOVE MIXT 1ª FASE CEEB,Nivell C,Casa,FUTBOL 5,SÈNIOR,MIXT,Divendres,20:30 h,
"Club Esportiu Fabra i Coats ""B""",Club Esportiu Fabra i Coats,FUTBOL 5 MENUDETS|MENUDETES MIXT 1ª FASE CEEB,Nivell C,7,FUTBOL 5,MENUDETS,MIXT,Divendres,18:30 h,
"Club Esportiu Fabra i Coats ""C""",Club Esportiu Fabra i Coats,FUTBOL 5 MENUDETS|MENUDETES MIXT 1ª FASE CEEB,Nivell C,3,FUTBOL 5,MENUDETS,MIXT,Divendres,18:30 h,
"Club Esportiu Fabra i Coats ""A""",Club Esportiu Fabra i Coats,FUTBOL 5 MENUDETS|MENUDETES MIXT 1ª FASE CEEB,Nivell C,7,FUTBOL 5,MENUDETS,MIXT,Dissabte,09:30 h,
"Col·legi Maristes Sants-Les Corts ""B""",Col·legi Maristes Sants-Les Corts,FUTBOL 5 MENUDETS|MENUDETES MIXT 1ª FASE CEEB,Nivell E,Fora,FUTBOL 5,MENUDETS,MIXT,Divendres,18:00 h,
FS Manyanet Les Corts,Futbol Sala Manyanet Les Corts,FUTBOL 5 MENUDETS|MENUDETES MIXT 1ª FASE CEEB,Nivell C,Casa,FUTBOL 5,MENUDETS,MIXT,Divendres,18:15 h,
"Acció Sant Martí ""A""",Acció Sant Martí,FUTBOL 5 MENUDETS|MENUDETES MIXT 1ª FASE CEEB,Nivell C,Casa,FUTBOL 5,MENUDETS,MIXT,Divendres,18:30 h,
"The Benjamin Franklin International School ""B""",The Benjamin Franklin International School,FUTBOL 5 MENUDETS|MENUDETES MIXT 1ª FASE CEEB,Nivell E,7,FUTBOL 5,MENUDETS,MIXT,Divendres,18:00 h,
"Escola Pere Verges ""A""",Escola Pere Verges,FUTBOL 5 MENUDETS|MENUDETES MIXT 1ª FASE CEEB,Nivell C,Casa,FUTBOL 5,MENUDETS,MIXT,Divendres,18:00 h,
Col·legi Maristes Sants-Les Corts,Col·legi Maristes Sants-Les Corts,FUTBOL 5 MENUDETS|MENUDETES MIXT 1ª FASE CEEB,Nivell E,,FUTBOL 5,MENUDETS,MIXT,Divendres,18:00 h,
"Club Esportiu Laietà (Futbol 5) ""A""",Club Esportiu Laietà (Futbol 5),FUTBOL 5 MENUDETS|MENUDETES MIXT 1ª FASE CEEB,Nivell C,Casa,FUTBOL 5,MENUDETS,MIXT,Dissabte,09:30 h,
Institució Montserrat,Institució Montserrat,FUTBOL 5 MENUDETS|MENUDETES MIXT 1ª FASE CEEB,Nivell E,Fora,FUTBOL 5,MENUDETS,MIXT,Divendres,18:15 h,
Manyanet Sant Andreu,Manyanet Sant Andreu,FUTBOL 5 MENUDETS|MENUDETES MIXT 1ª FASE CEEB,Nivell D,1,FUTBOL 5,MENUDETS,MIXT,Dissabte,09:00 h,
"Escola Sagrada Familia Sant Andreu ""B""",Escola Sagrada Familia Sant Andreu,FUTBOL 5 MENUDETS|MENUDETES MIXT 1ª FASE CEEB,Nivell E,4,FUTBOL 5,MENUDETS,MIXT,Divendres,18:00 h,
"Escola Sagrada Familia Sant Andreu ""A""",Escola Sagrada Familia Sant Andreu,FUTBOL 5 MENUDETS|MENUDETES MIXT 1ª FASE CEEB,Nivell E,8,FUTBOL 5,MENUDETS,MIXT,Divendres,18:00 h,
Escola Grevol,Escola Grevol,FUTBOL 5 MENUDETS|MENUDETES MIXT 1ª FASE CEEB,Nivell C,3,FUTBOL 5,MENUDETS,MIXT,Dissabte,11:00 h,
"Jesuïtes El Clot-Escola del Clot ""A""",Jesuïtes El Clot-Escola del Clot,FUTBOL 5 MENUTS|MENUDES MIXT 1ª FASE CEEB,Nivell C,6,FUTBOL 5,MENUTS,MIXT,Divendres,18:00 h,
Associació Esportiva Babar,Associació Esportiva Babar,FUTBOL 5 MENUTS|MENUDES MIXT 1ª FASE CEEB,Nivell C,,FUTBOL 5,MENUTS,MIXT,Dissabte,10:00 h,
"Club Joventut Les Corts ""A""",Club Joventut Les Corts,FUTBOL 5 MENUTS|MENUDES MIXT 1ª FASE CEEB,Nivell A,Casa,FUTBOL 5,MENUTS,MIXT,Dissabte,09:00 h,
EVEREST Prosperitat J,Escola de Futbol Sala Prosperitat,FUTBOL 5 MENUTS|MENUDES MIXT 1ª FASE CEEB,Nivell B,,FUTBOL 5,MENUTS,MIXT,Dissabte,10:00 h,"ATENDRE LLISTAT DE PETICIÓ PELS CALENDARIS. 6 EQUIPS UN DISSABTE (MENUTS I, MENUTS J, PREBENJAMIN J, PREBENJAMI D, ALEVI FEMENI, CADET FEMENI) 5 EQUIPS EL SEGÜENT DISSABTE (PREALEVI A, PEALEVI F, BENJAMI P, ALEVI E, INFANTIL B)"
EVEREST Prosperitat I,Escola de Futbol Sala Prosperitat,FUTBOL 5 MENUTS|MENUDES MIXT 1ª FASE CEEB,Nivell B,,FUTBOL 5,MENUTS,MIXT,Dissabte,09:00 h,"ATENDRE LLISTAT DE PETICIÓ PELS CALENDARIS. 6 EQUIPS UN DISSABTE (MENUTS I, MENUTS J, PREBENJAMIN J, PREBENJAMI D, ALEVI FEMENI, CADET FEMENI) 5 EQUIPS EL SEGÜENT DISSABTE (PREALEVI A, PEALEVI F, BENJAMI P, ALEVI E, INFANTIL B)"
"Lycée Français de Gavà (Bon Soleil) ""A""",Lycée Français de Gavà (Bon Soleil),FUTBOL 5 MENUTS|MENUDES MIXT 1ª FASE CEEB,Nivell A,Casa,FUTBOL 5,MENUTS,MIXT,Dissabte,10:00 h,
"Club Esportiu Laietà (Futbol 5) ""A""",Club Esportiu Laietà (Futbol 5),FUTBOL 5 MENUTS|MENUDES MIXT 1ª FASE CEEB,Nivell E,Casa,FUTBOL 5,MENUTS,MIXT,Dissabte,10:30 h,
Institució Montserrat,Institució Montserrat,FUTBOL 5 MENUTS|MENUDES MIXT 1ª FASE CEEB,Nivell E,Casa,FUTBOL 5,MENUTS,MIXT,Divendres,18:15 h,
CE Vincit-Provençalenc A,CE Vincit-Provençalenc,FUTBOL 5 MENUTS|MENUDES MIXT 1ª FASE CEEB,Nivell C,Fora,FUTBOL 5,MENUTS,MIXT,Divendres,18:00 h,
Manyanet Sant Andreu,Manyanet Sant Andreu,FUTBOL 5 MENUTS|MENUDES MIXT 1ª FASE CEEB,Nivell E,1,FUTBOL 5,MENUTS,MIXT,Dissabte,11:00 h,
"The Benjamin Franklin International School ""A""",The Benjamin Franklin International School,FUTBOL 5 MENUTS|MENUDES MIXT 1ª FASE CEEB,Nivell E,3,FUTBOL 5,MENUTS,MIXT,Dijous,18:00 h,
"Escola Thau ""A""",Escola Thau,FUTBOL 5 MENUTS|MENUDES MIXT 1ª FASE CEEB,Nivell C,Casa,FUTBOL 5,MENUTS,MIXT,Divendres,18:00 h,
"Escola Thau ""B""",Escola Thau,FUTBOL 5 MENUTS|MENUDES MIXT 1ª FASE CEEB,Nivell C,Fora,FUTBOL 5,MENUTS,MIXT,Divendres,18:00 h,
Escola Grevol,Escola Grevol,FUTBOL 5 MENUTS|MENUDES MIXT 1ª FASE CEEB,Nivell C,7,FUTBOL 5,MENUTS,MIXT,Dissabte,09:30 h,
Escola Acacies (Acció Sant Martí),Acció Sant Martí,FUTBOL 5 MENUTS|MENUDES MIXT 1ª FASE CEEB,Nivell D,Casa,FUTBOL 5,MENUTS,MIXT,Divendres,18:30 h,
"AMPA Escola Mestre Enric Gibert i Camins ""A""",AMPA Escola Mestre Enric Gibert i Camins,FUTBOL 5 MENUTS|MENUDES MIXT 1ª FASE CEEB,Nivell E,Casa,FUTBOL 5,MENUTS,MIXT,Divendres,18:00 h,
"Club Esportiu Fabra i Coats ""A""",Club Esportiu Fabra i Coats,FUTBOL 5 MENUTS|MENUDES MIXT 1ª FASE CEEB,Nivell C,7,FUTBOL 5,MENUTS,MIXT,Dissabte,10:30 h,
"AMPA Escola El Sagrer ""A""",AMPA Escola El Sagrer,FUTBOL 5 MENUTS|MENUDES MIXT 1ª FASE CEEB,Nivell C,Casa,FUTBOL 5,MENUTS,MIXT,Divendres,18:00 h,Mateix entrenador que el PREALEVÍ
"Club Esportiu Fabra i Coats ""B""",Club Esportiu Fabra i Coats,FUTBOL 5 MENUTS|MENUDES MIXT 1ª FASE CEEB,Nivell C,7,FUTBOL 5,MENUTS,MIXT,Dissabte,10:00 h,
"FEDAC Sant Andreu CEFIC ""A""",FEDAC Sant Andreu CEFIC,FUTBOL 5 MENUTS|MENUDES MIXT 1ª FASE CEEB,Nivell C,3,FUTBOL 5,MENUTS,MIXT,Dissabte,09:30 h,
"Escola Calderon de la Barca AMPA ""A""",Escola Calderon de la Barca AMPA,FUTBOL 5 MENUTS|MENUDES MIXT 1ª FASE CEEB,Nivell E,8,FUTBOL 5,MENUTS,MIXT,Divendres,18:00 h,
FS Manyanet Les Corts,Futbol Sala Manyanet Les Corts,FUTBOL 5 MENUTS|MENUDES MIXT 1ª FASE CEEB,Nivell C,Fora,FUTBOL 5,MENUTS,MIXT,Divendres,18:15 h,
"AE Sant Andreu ""A""",AE Sant Andreu,FUTBOL 5 MENUTS|MENUDES MIXT 1ª FASE CEEB,Nivell E,7,FUTBOL 5,MENUTS,MIXT,Dissabte,18:30 h,
"AE Sant Andreu ""A""",AE Sant Andreu,FUTBOL 5 PREALEVÍ FEMENÍ 1ª FASE CEEB,Nivell B,2,FUTBOL 5,PREALEVÍ,FEMENÍ,Dissabte,10:00 h,
"CE Vincit-Provençalenc ""A""",CE Vincit-Provençalenc,FUTBOL 5 PREALEVÍ FEMENÍ 1ª FASE CEEB,Nivell C,Fora,FUTBOL 5,PREALEVÍ,FEMENÍ,Divendres,18:15 h,
Manyanet Sant Andreu,Manyanet Sant Andreu,FUTBOL 5 PREALEVÍ FEMENÍ 1ª FASE CEEB,Nivell E,1,FUTBOL 5,PREALEVÍ,FEMENÍ,Dissabte,12:00 h,
"Col·legi Padre Damian Sagrados Corazones ""A""",Col·legi Padre Damian Sagrados Corazones,FUTBOL 5 PREALEVÍ FEMENÍ 1ª FASE CEEB,Nivell C,Casa,FUTBOL 5,PREALEVÍ,FEMENÍ,Divendres,18:00 h,
"Escola Grevol ""A""",Escola Grevol,FUTBOL 5 PREALEVÍ FEMENÍ 1ª FASE CEEB,Nivell C,7,FUTBOL 5,PREALEVÍ,FEMENÍ,Dissabte,10:30 h,
"Escola Pia Sant Miquel ""S""",Escola Pia Sant Miquel,FUTBOL 5 PREALEVÍ MIXT 1ª FASE CEEB,Nivell C,1,FUTBOL 5,PREALEVÍ,MIXT,Dissabte,11:45 h,
"Escola Pia Sant Miquel ""P""",Escola Pia Sant Miquel,FUTBOL 5 PREALEVÍ MIXT 1ª FASE CEEB,Nivell C,1,FUTBOL 5,PREALEVÍ,MIXT,Dissabte,11:00 h,
"Jesuïtes El Clot-Escola del Clot ""A""",Jesuïtes El Clot-Escola del Clot,FUTBOL 5 PREALEVÍ MIXT 1ª FASE CEEB,Nivell E,2,FUTBOL 5,PREALEVÍ,MIXT,Divendres,19:00 h,
"Escola Sant Josep Oriol ""A""",Escola Sant Josep Oriol,FUTBOL 5 PREALEVÍ MIXT 1ª FASE CEEB,Nivell D,Casa,FUTBOL 5,PREALEVÍ,MIXT,Divendres,18:00 h,
"Escola Els Llorers (AE L'Eixample) ""A""",Escola Els Llorers (AE L'Eixample),FUTBOL 5 PREALEVÍ MIXT 1ª FASE CEEB,Nivell D,5,FUTBOL 5,PREALEVÍ,MIXT,Divendres,19:30 h,
Artós Sports Club (FPC CET 10),Artós Sports Club (FPC CET 10),FUTBOL 5 PREALEVÍ MIXT 1ª FASE CEEB,Nivell B,1,FUTBOL 5,PREALEVÍ,MIXT,Dissabte,11:00 h,
Col·legi SAFA Horta,Col·legi SAFA Horta,FUTBOL 5 PREALEVÍ MIXT 1ª FASE CEEB,Nivell E,Fora,FUTBOL 5,PREALEVÍ,MIXT,Divendres,18:00 h,
"Escola Bac de Roda (7 d'Aventura) ""A""",Escola Bac de Roda (7 d'Aventura),FUTBOL 5 PREALEVÍ MIXT 1ª FASE CEEB,Nivell E,5,FUTBOL 5,PREALEVÍ,MIXT,Divendres,18:00 h,
"Escola Costa i Llobera (AE Can Caralleu) ""Groc""",Escola Costa i Llobera (AE Can Caralleu),FUTBOL 5 PREALEVÍ MIXT 1ª FASE CEEB,Nivell C,1,FUTBOL 5,PREALEVÍ,MIXT,Divendres,18:15 h,
"Escola Costa i Llobera (AE Can Caralleu) ""Negre""",Escola Costa i Llobera (AE Can Caralleu),FUTBOL 5 PREALEVÍ MIXT 1ª FASE CEEB,Nivell C,5,FUTBOL 5,PREALEVÍ,MIXT,Divendres,18:15 h,
"CE La Salle Gracia ""Negre""",CE La Salle Gracia,FUTBOL 5 PREALEVÍ MIXT 1ª FASE CEEB,Nivell C,1,FUTBOL 5,PREALEVÍ,MIXT,Divendres,19:30 h,
"CE La Salle Gracia ""Groc""",CE La Salle Gracia,FUTBOL 5 PREALEVÍ MIXT 1ª FASE CEEB,Nivell C,5,FUTBOL 5,PREALEVÍ,MIXT,Divendres,19:30 h,
Àngels Garriga SPOT,Àngels Roig SPOT,FUTBOL 5 PREALEVÍ MIXT 1ª FASE CEEB,Nivell E,1,FUTBOL 5,PREALEVÍ,MIXT,Divendres,18:15 h,
"OAK House British School ""A""",OAK House British School,FUTBOL 5 PREALEVÍ MIXT 1ª FASE CEEB,Nivell C,1,FUTBOL 5,PREALEVÍ,MIXT,Divendres,19:00 h,LLIGA DELS DIVENDRES
"Escola Nabí ""A""",Escola Nabí,FUTBOL 5 PREALEVÍ MIXT 1ª FASE CEEB,Nivell C,Casa,FUTBOL 5,PREALEVÍ,MIXT,Divendres,18:00 h,
"AFA Escola Taber (AE Can Caralleu) ""Vermell""",AFA Escola Taber (AE Can Caralleu),FUTBOL 5 PREALEVÍ MIXT 1ª FASE CEEB,Nivell D,5,FUTBOL 5,PREALEVÍ,MIXT,Divendres,18:00 h,
"Escola Carlit (AE L'Eixample) ""A""",Escola Carlit (AE L'Eixample),FUTBOL 5 PREALEVÍ MIXT 1ª FASE CEEB,Nivell C,5,FUTBOL 5,PREALEVÍ,MIXT,Divendres,19:15 h,
Col·legi Maristes Sants-Les Corts,Col·legi Maristes Sants-Les Corts,FUTBOL 5 PREALEVÍ MIXT 1ª FASE CEEB,Nivell E,Fora,FUTBOL 5,PREALEVÍ,MIXT,Divendres,18:00 h,
Escola Tabor (CEM Sagrada Familia),Escola Tabor (CEM Sagrada Familia),FUTBOL 5 PREALEVÍ MIXT 1ª FASE CEEB,Nivell C,Fora,FUTBOL 5,PREALEVÍ,MIXT,Dissabte,09:00 h,
Escola Josep Mº Jujol (Valors IPP),Escola Josep Mº Jujol (Valors IPP),FUTBOL 5 PREALEVÍ MIXT 1ª FASE CEEB,Nivell E,Fora,FUTBOL 5,PREALEVÍ,MIXT,Divendres,19:30 h,
"ACE Sansur ""A""",ACE Sansur,FUTBOL 5 PREALEVÍ MIXT 1ª FASE CEEB,Nivell C,Casa,FUTBOL 5,PREALEVÍ,MIXT,Divendres,18:30 h,
EVEREST Prosperitat F,Escola de Futbol Sala Prosperitat,FUTBOL 5 PREALEVÍ MIXT 1ª FASE CEEB,Nivell B,,FUTBOL 5,PREALEVÍ,MIXT,Dissabte,10:00 h,"ATENDRE LLISTAT DE PETICIÓ PELS CALENDARIS. 6 EQUIPS UN DISSABTE (MENUTS I, MENUTS J, PREBENJAMIN J, PREBENJAMI D, ALEVI FEMENI, CADET FEMENI) 5 EQUIPS EL SEGÜENT DISSABTE (PREALEVI A, PEALEVI F, BENJAMI P, ALEVI E, INFANTIL B)"
EVEREST Prosperitat A,Escola de Futbol Sala Prosperitat,FUTBOL 5 PREALEVÍ MIXT 1ª FASE CEEB,Nivell B,,FUTBOL 5,PREALEVÍ,MIXT,Dissabte,09:00 h,"ATENDRE LLISTAT DE PETICIÓ PELS CALENDARIS. 6 EQUIPS UN DISSABTE (MENUTS I, MENUTS J, PREBENJAMIN J, PREBENJAMI D, ALEVI FEMENI, CADET FEMENI) 5 EQUIPS EL SEGÜENT DISSABTE (PREALEVI A, PEALEVI F, BENJAMI P, ALEVI E, INFANTIL B)"
"Escola Joan Miró (AE L'Eixample) ""A""",Escola Joan Miró (AE L'Eixample),FUTBOL 5 PREALEVÍ MIXT 1ª FASE CEEB,Nivell C,4,FUTBOL 5,PREALEVÍ,MIXT,Divendres,18:15 h,
"Lycée Français de Gavà (Bon Soleil) ""A""",Lycée Français de Gavà (Bon Soleil),FUTBOL 5 PREALEVÍ MIXT 1ª FASE CEEB,Nivell C,Casa,FUTBOL 5,PREALEVÍ,MIXT,Divendres,18:00 h,
CE Vincit-Provençalenc C,CE Vincit-Provençalenc,FUTBOL 5 PREALEVÍ MIXT 1ª FASE CEEB,Nivell C,Fora,FUTBOL 5,PREALEVÍ,MIXT,Divendres,18:00 h,
"CE Vincit-Provençalenc ""D""",CE Vincit-Provençalenc,FUTBOL 5 PREALEVÍ MIXT 1ª FASE CEEB,Nivell D,Fora,FUTBOL 5,PREALEVÍ,MIXT,Divendres,19:00 h,
Institució Montserrat,Institució Montserrat,FUTBOL 5 PREALEVÍ MIXT 1ª FASE CEEB,Nivell E,Fora,FUTBOL 5,PREALEVÍ,MIXT,Divendres,20:15 h,
CE Vincit-Provençalenc A,CE Vincit-Provençalenc,FUTBOL 5 PREALEVÍ MIXT 1ª FASE CEEB,Nivell C,Casa,FUTBOL 5,PREALEVÍ,MIXT,Divendres,18:00 h,
CE Vincit-Provençalenc B,CE Vincit-Provençalenc,FUTBOL 5 PREALEVÍ MIXT 1ª FASE CEEB,Nivell B,Casa,FUTBOL 5,PREALEVÍ,MIXT,Divendres,18:00 h,
"Escola Auró (AE L'Eixample) ""A""",Escola Auró (AE L'Eixample),FUTBOL 5 PREALEVÍ MIXT 1ª FASE CEEB,Nivell C,4,FUTBOL 5,PREALEVÍ,MIXT,Divendres,18:30 h,
"Escola Pia Balmes ""B""",Escola Pia Balmes,FUTBOL 5 PREALEVÍ MIXT 1ª FASE CEEB,Nivell C,4,FUTBOL 5,PREALEVÍ,MIXT,Divendres,19:00 h,
"Escola Pia Balmes ""A""",Escola Pia Balmes,FUTBOL 5 PREALEVÍ MIXT 1ª FASE CEEB,Nivell D,8,FUTBOL 5,PREALEVÍ,MIXT,Divendres,19:00 h,
"Escola Fructuós Gelabert (AE L'Eixample) ""A""",Escola Fructuós Gelabert (AE L'Eixample),FUTBOL 5 PREALEVÍ MIXT 1ª FASE CEEB,Nivell D,1,FUTBOL 5,PREALEVÍ,MIXT,Divendres,18:00 h,
Torrent d'en Melis - Gestió Club,Futbol Club Martinenc,FUTBOL 5 PREALEVÍ MIXT 1ª FASE CEEB,Nivell E,Casa,FUTBOL 5,PREALEVÍ,MIXT,Divendres,18:00 h,
"Sant Peter´s School ""C""",Sant Peter´s School,FUTBOL 5 PREALEVÍ MIXT 1ª FASE CEEB,Nivell C,Fora,FUTBOL 5,PREALEVÍ,MIXT,Divendres,18:00 h,
"Artós Sports Club (FPC CET 10) ""A""",Artós Sports Club (FPC CET 10),FUTBOL 5 PREALEVÍ MIXT 1ª FASE CEEB,Nivell A,1,FUTBOL 5,PREALEVÍ,MIXT,Divendres,19:45 h,LLIGA DIVENDRES
"Club Esportiu Jesús Maria ""A""",Club Esportiu Jesús Maria,FUTBOL 5 PREALEVÍ MIXT 1ª FASE CEEB,Nivell C,3,FUTBOL 5,PREALEVÍ,MIXT,Divendres,19:00 h,
"Escola Calderon de la Barca AMPA ""A""",Escola Calderon de la Barca AMPA,FUTBOL 5 PREALEVÍ MIXT 1ª FASE CEEB,Nivell D,8,FUTBOL 5,PREALEVÍ,MIXT,Divendres,19:00 h,
"Escola Diputació - TEAM ""A""",Escola Diputació - TEAM,FUTBOL 5 PREALEVÍ MIXT 1ª FASE CEEB,Nivell E,Fora,FUTBOL 5,PREALEVÍ,MIXT,Divendres,19:15 h,
Galí Bellesguard (AE L'Eixample),Galí Bellesguard (AE L'Eixample),FUTBOL 5 PREALEVÍ MIXT 1ª FASE CEEB,Nivell D,5,FUTBOL 5,PREALEVÍ,MIXT,Divendres,18:00 h,
Escola Ntra Sra de Lurdes,Escola Ntra Sra de Lurdes,FUTBOL 5 PREALEVÍ MIXT 1ª FASE CEEB,Nivell D,1,FUTBOL 5,PREALEVÍ,MIXT,Dissabte,10:00 h,
Manyanet Sant Andreu,Manyanet Sant Andreu,FUTBOL 5 PREALEVÍ MIXT 1ª FASE CEEB,Nivell D,1,FUTBOL 5,PREALEVÍ,MIXT,Dissabte,13:00 h,
"Jesuïtes Gràcia - Col·legi Kostka ""Verd""",Jesuïtes Gràcia - Col·legi Kostka,FUTBOL 5 PREALEVÍ MIXT 1ª FASE CEEB,Nivell C,4,FUTBOL 5,PREALEVÍ,MIXT,Dissabte,12:00 h,
"Escola Mallorca (AE L'Eixample) ""A""",Escola Mallorca (AE L'Eixample),FUTBOL 5 PREALEVÍ MIXT 1ª FASE CEEB,Nivell E,7,FUTBOL 5,PREALEVÍ,MIXT,Divendres,18:15 h,
Scala Dei - Futsal Dante,Scala Dei - Futsal Dante,FUTBOL 5 PREALEVÍ MIXT 1ª FASE CEEB,Nivell D,Fora,FUTBOL 5,PREALEVÍ,MIXT,Divendres,18:00 h,
"Escola Suïssa de Barcelona ""A""",Escola Suïssa de Barcelona,FUTBOL 5 PREALEVÍ MIXT 1ª FASE CEEB,Nivell E,2,FUTBOL 5,PREALEVÍ,MIXT,Divendres,20:00 h,
Escola El Carmel (Valors IPP),Escola El Carmel (Valors IPP),FUTBOL 5 PREALEVÍ MIXT 1ª FASE CEEB,Nivell E,Fora,FUTBOL 5,PREALEVÍ,MIXT,Divendres,19:00 h,
Col·legi Padre Damian Sagrados Corazones,Col·legi Padre Damian Sagrados Corazones,FUTBOL 5 PREALEVÍ MIXT 1ª FASE CEEB,Nivell A,Casa,FUTBOL 5,PREALEVÍ,MIXT,Divendres,18:00 h,
"AE Lycée Français ""A""",AE Lycée Français,FUTBOL 5 PREALEVÍ MIXT 1ª FASE CEEB,Nivell C,2,FUTBOL 5,PREALEVÍ,MIXT,Dissabte,10:30 h,
"Escola Thau ""A""",Escola Thau,FUTBOL 5 PREALEVÍ MIXT 1ª FASE CEEB,Nivell C,Fora,FUTBOL 5,PREALEVÍ,MIXT,Divendres,19:00 h,
"Escola Thau ""B""",Escola Thau,FUTBOL 5 PREALEVÍ MIXT 1ª FASE CEEB,Nivell C,Casa,FUTBOL 5,PREALEVÍ,MIXT,Divendres,19:00 h,
"Immaculada Concepció d'Horta - Futsal Dante ""Blau""",Immaculada Concepció d'Horta - Futsal Dante,FUTBOL 5 PREALEVÍ MIXT 1ª FASE CEEB,Nivell D,Casa,FUTBOL 5,PREALEVÍ,MIXT,Dissabte,11:00 h,
Escola La Sedeta (Valors IPP),Escola La Sedeta (Valors IPP),FUTBOL 5 PREALEVÍ MIXT 1ª FASE CEEB,Nivell C,5,FUTBOL 5,PREALEVÍ,MIXT,Divendres,19:15 h,
"AMPA Escola Mestre Enric Gibert i Camins ""A""",AMPA Escola Mestre Enric Gibert i Camins,FUTBOL 5 PREALEVÍ MIXT 1ª FASE CEEB,Nivell E,Casa,FUTBOL 5,PREALEVÍ,MIXT,Divendres,19:00 h,
Associacio Esportiva de Gracia A,Associacio Esportiva de Gracia,FUTBOL 5 PREALEVÍ MIXT 1ª FASE CEEB,Nivell B,2,FUTBOL 5,PREALEVÍ,MIXT,Divendres,18:15 h,
Associacio Esportiva de Gracia B,Associacio Esportiva de Gracia,FUTBOL 5 PREALEVÍ MIXT 1ª FASE CEEB,Nivell B,6,FUTBOL 5,PREALEVÍ,MIXT,Divendres,19:15 h,
Braval,Braval,FUTBOL 5 PREALEVÍ MIXT 1ª FASE CEEB,Nivell A,3,FUTBOL 5,PREALEVÍ,MIXT,Dissabte,11:30 h,
"Fundació Escola Teresianes Ganduxer ""B""",Fundació Escola Teresianes Ganduxer,FUTBOL 5 PREALEVÍ MIXT 1ª FASE CEEB,Nivell C,7,FUTBOL 5,PREALEVÍ,MIXT,Divendres,18:15 h,
"Fundació Escola Teresianes Ganduxer ""A""",Fundació Escola Teresianes Ganduxer,FUTBOL 5 PREALEVÍ MIXT 1ª FASE CEEB,Nivell C,7,FUTBOL 5,PREALEVÍ,MIXT,Divendres,19:15 h,
"Club Esportiu Fabra i Coats ""A""",Club Esportiu Fabra i Coats,FUTBOL 5 PREALEVÍ MIXT 1ª FASE CEEB,Nivell C,3,FUTBOL 5,PREALEVÍ,MIXT,Divendres,19:30 h,
"Club Esportiu Fabra i Coats ""B""",Club Esportiu Fabra i Coats,FUTBOL 5 PREALEVÍ MIXT 1ª FASE CEEB,Nivell C,7,FUTBOL 5,PREALEVÍ,MIXT,Divendres,19:30 h,
"Escola Brasil (FPC CET 10) ""A""",Escola Brasil (FPC CET 10),FUTBOL 5 PREALEVÍ MIXT 1ª FASE CEEB,Nivell C,Fora,FUTBOL 5,PREALEVÍ,MIXT,Divendres,19:00 h,
"Dominiques Barcelona ""A""",Dominiques Barcelona,FUTBOL 5 PREALEVÍ MIXT 1ª FASE CEEB,Nivell D,Fora,FUTBOL 5,PREALEVÍ,MIXT,Divendres,19:00 h,
Col·legi Abat Oliba Loreto,Col·legi Abat Oliba Loreto,FUTBOL 5 PREALEVÍ MIXT 1ª FASE CEEB,Nivell C,Casa,FUTBOL 5,PREALEVÍ,MIXT,Divendres,19:00 h,
Col·legi Abat Oliba - Spínola,Col·legi Abat Oliba - Spínola,FUTBOL 5 PREALEVÍ MIXT 1ª FASE CEEB,Nivell C,5,FUTBOL 5,PREALEVÍ,MIXT,Divendres,18:00 h,
"AE Sant Andreu ""A""",AE Sant Andreu,FUTBOL 5 PREALEVÍ MIXT 1ª FASE CEEB,Nivell C,1,FUTBOL 5,PREALEVÍ,MIXT,Dissabte,11:00 h,
"Escola Pere Verges ""A""",Escola Pere Verges,FUTBOL 5 PREALEVÍ MIXT 1ª FASE CEEB,Nivell C,Casa,FUTBOL 5,PREALEVÍ,MIXT,Dissabte,11:00 h,
"AMPA Escola El Sagrer ""A""",AMPA Escola El Sagrer,FUTBOL 5 PREBENJAMÍ MIXT 1ª FASE CEEB,Nivell C,Casa,FUTBOL 5,PREBENJAMÍ,MIXT,Divendres,18:00 h,Mateix entrenador que l'ALEVÍ A
"Club Esportiu Fabra i Coats ""C""",Club Esportiu Fabra i Coats,FUTBOL 5 PREBENJAMÍ MIXT 1ª FASE CEEB,Nivell C,3,FUTBOL 5,PREBENJAMÍ,MIXT,Dissabte,09:30 h,
"AMPA Escola Pere Vila ""E""",AMPA Escola Pere Vila,FUTBOL 5 PREBENJAMÍ MIXT 1ª FASE CEEB,Nivell E,Casa,FUTBOL 5,PREBENJAMÍ,MIXT,Divendres,18:00 h,
"Escola Garbí ""A""",Escola Garbí,FUTBOL 5 PREBENJAMÍ MIXT 1ª FASE CEEB,Nivell C,Casa,FUTBOL 5,PREBENJAMÍ,MIXT,Divendres,18:00 h,
"Club Esportiu Fabra i Coats ""A""",Club Esportiu Fabra i Coats,FUTBOL 5 PREBENJAMÍ MIXT 1ª FASE CEEB,Nivell C,7,FUTBOL 5,PREBENJAMÍ,MIXT,Dissabte,09:00 h,
"Club Esportiu Fabra i Coats ""B""",Club Esportiu Fabra i Coats,FUTBOL 5 PREBENJAMÍ MIXT 1ª FASE CEEB,Nivell C,3,FUTBOL 5,PREBENJAMÍ,MIXT,Dissabte,09:00 h,
Col·legi Abat Oliba Loreto,Col·legi Abat Oliba Loreto,FUTBOL 5 PREBENJAMÍ MIXT 1ª FASE CEEB,Nivell C,Fora,FUTBOL 5,PREBENJAMÍ,MIXT,Divendres,18:00 h,
"Escola Dolors Monserdà Santapau ""A""",Escola Dolors Monserdà Santapau,FUTBOL 5 PREBENJAMÍ MIXT 1ª FASE CEEB,Nivell C,Fora,FUTBOL 5,PREBENJAMÍ,MIXT,Divendres,18:00 h,
"Màgic Sants Futsal ""A""",Màgic Sants Futsal,FUTBOL 5 PREBENJAMÍ MIXT 1ª FASE CEEB,Nivell E,5,FUTBOL 5,PREBENJAMÍ,MIXT,Divendres,18:15 h,
Escola Estel,7 d'Aventura,FUTBOL 5 PREBENJAMÍ MIXT 1ª FASE CEEB,Nivell E,Indiferent,FUTBOL 5,PREBENJAMÍ,MIXT,Divendres,18:00 h,
"AE Sant Andreu ""A""",AE Sant Andreu,FUTBOL 5 PREBENJAMÍ MIXT 1ª FASE CEEB,Nivell A,1,FUTBOL 5,PREBENJAMÍ,MIXT,Dissabte,10:00 h,
Escola Pia Sant Miquel,Escola Pia Sant Miquel,FUTBOL 5 PREBENJAMÍ MIXT 1ª FASE CEEB,Nivell E,1,FUTBOL 5,PREBENJAMÍ,MIXT,Divendres,18:00 h,
"EFS Vesuvi ""A""",Trinitat Unió Esportiva,FUTBOL 5 PREBENJAMÍ MIXT 1ª FASE CEEB,Nivell C,4,FUTBOL 5,PREBENJAMÍ,MIXT,Divendres,17:50 h,
"Escola Pia Sant Miquel ""B""",Escola Pia Sant Miquel,FUTBOL 5 PREBENJAMÍ MIXT 1ª FASE CEEB,Nivell E,1,FUTBOL 5,PREBENJAMÍ,MIXT,Divendres,18:00 h,
"Col·legi Teresianes de Gràcia (A.E.V.G.) ""A""",Col·legi Teresianes de Gràcia (A.E.V.G.),FUTBOL 5 PREBENJAMÍ MIXT 1ª FASE CEEB,Nivell E,Fora,FUTBOL 5,PREBENJAMÍ,MIXT,Divendres,18:00 h,"Tinc dos equips (prebenjamí i benjamí) vull que juguin els dos en el mateix torn ( a casa junts i a fora també), sinó, m'és impossible per temes logístics."
"Jesuïtes El Clot-Escola del Clot ""A""",Jesuïtes El Clot-Escola del Clot,FUTBOL 5 PREBENJAMÍ MIXT 1ª FASE CEEB,Nivell B,2,FUTBOL 5,PREBENJAMÍ,MIXT,Divendres,18:00 h,
"Jesuïtes El Clot-Escola del Clot ""B""",Jesuïtes El Clot-Escola del Clot,FUTBOL 5 PREBENJAMÍ MIXT 1ª FASE CEEB,Nivell E,6,FUTBOL 5,PREBENJAMÍ,MIXT,Divendres,19:00 h,
"Golden Panthers ""A""",Golden Panthers,FUTBOL 5 PREBENJAMÍ MIXT 1ª FASE CEEB,Nivell E,Casa,FUTBOL 5,PREBENJAMÍ,MIXT,Divendres,19:00 h,
Club Esportiu Mediterrani,Club Esportiu Mediterrani,FUTBOL 5 PREBENJAMÍ MIXT 1ª FASE CEEB,Nivell C,Fora,FUTBOL 5,PREBENJAMÍ,MIXT,Divendres,18:00 h,
"Artós Sports Club (FPC CET 10) ""B""",Artós Sports Club (FPC CET 10),FUTBOL 5 PREBENJAMÍ MIXT 1ª FASE CEEB,Nivell C,1,FUTBOL 5,PREBENJAMÍ,MIXT,Dissabte,10:00 h,
"Artós Sports Club (FPC CET 10) ""D""",Artós Sports Club (FPC CET 10),FUTBOL 5 PREBENJAMÍ MIXT 1ª FASE CEEB,Nivell C,5,FUTBOL 5,PREBENJAMÍ,MIXT,Dissabte,10:00 h,
"Col·legi SAFA Horta ""A""",Col·legi SAFA Horta,FUTBOL 5 PREBENJAMÍ MIXT 1ª FASE CEEB,Nivell E,Casa,FUTBOL 5,PREBENJAMÍ,MIXT,Divendres,18:00 h,
"Escola Bac de Roda (7 d'Aventura) ""A""",Escola Bac de Roda (7 d'Aventura),FUTBOL 5 PREBENJAMÍ MIXT 1ª FASE CEEB,Nivell E,1,FUTBOL 5,PREBENJAMÍ,MIXT,Divendres,18:00 h,
"Club Joventut Les Corts ""A""",Club Joventut Les Corts,FUTBOL 5 PREBENJAMÍ MIXT 1ª FASE CEEB,Nivell A,Fora,FUTBOL 5,PREBENJAMÍ,MIXT,Dissabte,09:00 h,
CE La Salle Gracia,CE La Salle Gracia,FUTBOL 5 PREBENJAMÍ MIXT 1ª FASE CEEB,Nivell C,1,FUTBOL 5,PREBENJAMÍ,MIXT,Divendres,18:30 h,
"OAK House British School ""A""",OAK House British School,FUTBOL 5 PREBENJAMÍ MIXT 1ª FASE CEEB,Nivell C,1,FUTBOL 5,PREBENJAMÍ,MIXT,Divendres,18:00 h,LLIGA DELS DIVENDRES
"OAK House British School ""B""",OAK House British School,FUTBOL 5 PREBENJAMÍ MIXT 1ª FASE CEEB,Nivell C,1,FUTBOL 5,PREBENJAMÍ,MIXT,Divendres,18:00 h,LLIGA DE DIVENDRES
"Escola Carlit (AE L'Eixample) ""A""",Escola Carlit (AE L'Eixample),FUTBOL 5 PREBENJAMÍ MIXT 1ª FASE CEEB,Nivell C,5,FUTBOL 5,PREBENJAMÍ,MIXT,Divendres,18:15 h,
Col·legi Maristes Sants-Les Corts,Col·legi Maristes Sants-Les Corts,FUTBOL 5 PREBENJAMÍ MIXT 1ª FASE CEEB,Nivell E,Casa,FUTBOL 5,PREBENJAMÍ,MIXT,Divendres,18:00 h,
"AF Sant Antoni Futsal ""A""",AF Sant Antoni Futsal,FUTBOL 5 PREBENJAMÍ MIXT 1ª FASE CEEB,Nivell E,Casa,FUTBOL 5,PREBENJAMÍ,MIXT,Divendres,18:15 h,
Escola Josep Mº Jujol (Valors IPP),Escola Josep Mº Jujol (Valors IPP),FUTBOL 5 PREBENJAMÍ MIXT 1ª FASE CEEB,Nivell E,Casa,FUTBOL 5,PREBENJAMÍ,MIXT,Divendres,18:30 h,
"ACE Sansur ""A""",ACE Sansur,FUTBOL 5 PREBENJAMÍ MIXT 1ª FASE CEEB,Nivell C,Casa,FUTBOL 5,PREBENJAMÍ,MIXT,Dissabte,10:30 h,
EVEREST Prosperitat D,Escola de Futbol Sala Prosperitat,FUTBOL 5 PREBENJAMÍ MIXT 1ª FASE CEEB,Nivell B,,FUTBOL 5,PREBENJAMÍ,MIXT,Dissabte,11:45 h,"ATENDRE LLISTAT DE PETICIÓ PELS CALENDARIS. 6 EQUIPS UN DISSABTE (MENUTS I, MENUTS J, PREBENJAMIN J, PREBENJAMI D, ALEVI FEMENI, CADET FEMENI) 5 EQUIPS EL SEGÜENT DISSABTE (PREALEVI A, PEALEVI F, BENJAMI P, ALEVI E, INFANTIL B)"
EVEREST Prosperitat J,Escola de Futbol Sala Prosperitat,FUTBOL 5 PREBENJAMÍ MIXT 1ª FASE CEEB,Nivell B,,FUTBOL 5,PREBENJAMÍ,MIXT,Dissabte,10:45 h,"ATENDRE LLISTAT DE PETICIÓ PELS CALENDARIS. 6 EQUIPS UN DISSABTE (MENUTS I, MENUTS J, PREBENJAMIN J, PREBENJAMI D, ALEVI FEMENI, CADET FEMENI) 5 EQUIPS EL SEGÜENT DISSABTE (PREALEVI A, PEALEVI F, BENJAMI P, ALEVI E, INFANTIL B)"
"Escola Pràctiques (AE L'Eixample) ""A""",Escola Pràctiques (AE L'Eixample),FUTBOL 5 PREBENJAMÍ MIXT 1ª FASE CEEB,Nivell E,1,FUTBOL 5,PREBENJAMÍ,MIXT,Divendres,18:30 h,
Futsal Dante,Futsal Dante,FUTBOL 5 PREBENJAMÍ MIXT 1ª FASE CEEB,Nivell C,Casa,FUTBOL 5,PREBENJAMÍ,MIXT,Divendres,18:30 h,
"Escola Joan Miró (AE L'Eixample) ""A""",Escola Joan Miró (AE L'Eixample),FUTBOL 5 PREBENJAMÍ MIXT 1ª FASE CEEB,Nivell C,4,FUTBOL 5,PREBENJAMÍ,MIXT,Divendres,18:00 h,
"Lycée Français de Gavà (Bon Soleil) ""C""",Lycée Français de Gavà (Bon Soleil),FUTBOL 5 PREBENJAMÍ MIXT 1ª FASE CEEB,Nivell C,Casa,FUTBOL 5,PREBENJAMÍ,MIXT,Dissabte,10:00 h,
"Lycée Français de Gavà (Bon Soleil) ""A""",Lycée Français de Gavà (Bon Soleil),FUTBOL 5 PREBENJAMÍ MIXT 1ª FASE CEEB,Nivell C,Casa,FUTBOL 5,PREBENJAMÍ,MIXT,Dissabte,11:00 h,
"Lycée Français de Gavà (Bon Soleil) ""B""",Lycée Français de Gavà (Bon Soleil),FUTBOL 5 PREBENJAMÍ MIXT 1ª FASE CEEB,Nivell E,Casa,FUTBOL 5,PREBENJAMÍ,MIXT,Dissabte,11:00 h,
"Club Esportiu Laietà (Futbol 5) ""A""",Club Esportiu Laietà (Futbol 5),FUTBOL 5 PREBENJAMÍ MIXT 1ª FASE CEEB,Nivell C,Fora,FUTBOL 5,PREBENJAMÍ,MIXT,Divendres,18:15 h,
Institució Montserrat,Institució Montserrat,FUTBOL 5 PREBENJAMÍ MIXT 1ª FASE CEEB,Nivell E,Casa,FUTBOL 5,PREBENJAMÍ,MIXT,Divendres,19:15 h,
CE Vincit-Provençalenc B,CE Vincit-Provençalenc,FUTBOL 5 PREBENJAMÍ MIXT 1ª FASE CEEB,Nivell C,Casa,FUTBOL 5,PREBENJAMÍ,MIXT,Divendres,18:00 h,
CE Vincit-Provençalenc A,CE Vincit-Provençalenc,FUTBOL 5 PREBENJAMÍ MIXT 1ª FASE CEEB,Nivell B,Fora,FUTBOL 5,PREBENJAMÍ,MIXT,Divendres,18:00 h,
"Escola Auró (AE L'Eixample) ""A""",Escola Auró (AE L'Eixample),FUTBOL 5 PREBENJAMÍ MIXT 1ª FASE CEEB,Nivell D,8,FUTBOL 5,PREBENJAMÍ,MIXT,Divendres,18:30 h,
"Futsal Dante ""Negre""",Futsal Dante,FUTBOL 5 PREBENJAMÍ MIXT 1ª FASE CEEB,Nivell E,Fora,FUTBOL 5,PREBENJAMÍ,MIXT,Divendres,18:30 h,
"Escola Pia Balmes ""A""",Escola Pia Balmes,FUTBOL 5 PREBENJAMÍ MIXT 1ª FASE CEEB,Nivell C,4,FUTBOL 5,PREBENJAMÍ,MIXT,Divendres,18:00 h,
"Escola Pia Balmes ""B""",Escola Pia Balmes,FUTBOL 5 PREBENJAMÍ MIXT 1ª FASE CEEB,Nivell C,8,FUTBOL 5,PREBENJAMÍ,MIXT,Divendres,18:00 h,
"Escola de Futbol Sala Sant Marc de Sarrià ""A""",Escola de Futbol Sala Sant Marc de Sarrià,FUTBOL 5 PREBENJAMÍ MIXT 1ª FASE CEEB,Nivell D,Casa,FUTBOL 5,PREBENJAMÍ,MIXT,Divendres,18:00 h,por favor que nos pongan colegios los mas cercanos posible
"Artós Sports Club (FPC CET 10) ""A""",Artós Sports Club (FPC CET 10),FUTBOL 5 PREBENJAMÍ MIXT 1ª FASE CEEB,Nivell B,1,FUTBOL 5,PREBENJAMÍ,MIXT,Divendres,18:00 h,LLIGA DIVENDRES
"Artós Sports Club (FPC CET 10) ""C""",Artós Sports Club (FPC CET 10),FUTBOL 5 PREBENJAMÍ MIXT 1ª FASE CEEB,Nivell D,5,FUTBOL 5,PREBENJAMÍ,MIXT,Divendres,18:00 h,LLIGA DIVENDRES
"FC Xavi ""A""",FC Xavi,FUTBOL 5 PREBENJAMÍ MIXT 1ª FASE CEEB,Nivell A,1,FUTBOL 5,PREBENJAMÍ,MIXT,Divendres,19:00 h,
"FC Xavi ""B""",FC Xavi,FUTBOL 5 PREBENJAMÍ MIXT 1ª FASE CEEB,Nivell A,1,FUTBOL 5,PREBENJAMÍ,MIXT,Divendres,19:00 h,
"FC Xavi ""C""",FC Xavi,FUTBOL 5 PREBENJAMÍ MIXT 1ª FASE CEEB,Nivell A,Casa,FUTBOL 5,PREBENJAMÍ,MIXT,Dimarts,19:00 h,
"Club Esportiu Jesús Maria ""A""",Club Esportiu Jesús Maria,FUTBOL 5 PREBENJAMÍ MIXT 1ª FASE CEEB,Nivell C,7,FUTBOL 5,PREBENJAMÍ,MIXT,Divendres,18:00 h,
"Dominiques Barcelona ""A""",Dominiques Barcelona,FUTBOL 5 PREBENJAMÍ MIXT 1ª FASE CEEB,Nivell D,Casa,FUTBOL 5,PREBENJAMÍ,MIXT,Divendres,18:00 h,
Galí Bellesguard (AE L'Eixample),Galí Bellesguard (AE L'Eixample),FUTBOL 5 PREBENJAMÍ MIXT 1ª FASE CEEB,Nivell D,1,FUTBOL 5,PREBENJAMÍ,MIXT,Divendres,18:00 h,
"Escola Ntra Sra de Lurdes ""A""",Escola Ntra Sra de Lurdes,FUTBOL 5 PREBENJAMÍ MIXT 1ª FASE CEEB,Nivell E,1,FUTBOL 5,PREBENJAMÍ,MIXT,Dissabte,12:00 h,
"Jesuïtes Gràcia - Col·legi Kostka ""Verd""",Jesuïtes Gràcia - Col·legi Kostka,FUTBOL 5 PREBENJAMÍ MIXT 1ª FASE CEEB,Nivell C,4,FUTBOL 5,PREBENJAMÍ,MIXT,Dissabte,11:00 h,
"Jesuïtes Gràcia - Col·legi Kostka ""Negre""",Jesuïtes Gràcia - Col·legi Kostka,FUTBOL 5 PREBENJAMÍ MIXT 1ª FASE CEEB,Nivell C,8,FUTBOL 5,PREBENJAMÍ,MIXT,Dissabte,12:00 h,
"FC Xavi ""H""",FC Xavi,FUTBOL 5 PREBENJAMÍ MIXT 1ª FASE CEEB,Nivell A,Indiferent,FUTBOL 5,PREBENJAMÍ,MIXT,Divendres,18:00 h,
"FC Xavi ""Groc""",FC Xavi,FUTBOL 5 PREBENJAMÍ MIXT 1ª FASE CEEB,Nivell A,2,FUTBOL 5,PREBENJAMÍ,MIXT,Divendres,18:00 h,
"Escola Suïssa de Barcelona ""A""",Escola Suïssa de Barcelona,FUTBOL 5 PREBENJAMÍ MIXT 1ª FASE CEEB,Nivell E,2,FUTBOL 5,PREBENJAMÍ,MIXT,Divendres,18:00 h,
"Col·legi Padre Damian Sagrados Corazones ""A""",Col·legi Padre Damian Sagrados Corazones,FUTBOL 5 PREBENJAMÍ MIXT 1ª FASE CEEB,Nivell B,Fora,FUTBOL 5,PREBENJAMÍ,MIXT,Divendres,18:00 h,
Centre Montserrat-Xavier,Centre Montserrat-Xavier,FUTBOL 5 PREBENJAMÍ MIXT 1ª FASE CEEB,Nivell E,Casa,FUTBOL 5,PREBENJAMÍ,MIXT,Dissabte,11:00 h,
"Centre Montserrat-Xavier ""B""",Centre Montserrat-Xavier,FUTBOL 5 PREBENJAMÍ MIXT 1ª FASE CEEB,Nivell E,Casa,FUTBOL 5,PREBENJAMÍ,MIXT,Dissabte,10:00 h,
Escola Regina Carmeli,Escola Regina Carmeli,FUTBOL 5 PREBENJAMÍ MIXT 1ª FASE CEEB,Nivell C,,FUTBOL 5,PREBENJAMÍ,MIXT,Divendres,18:00 h,
"AE Lycée Français ""A""",AE Lycée Français,FUTBOL 5 PREBENJAMÍ MIXT 1ª FASE CEEB,Nivell C,2,FUTBOL 5,PREBENJAMÍ,MIXT,Dissabte,09:30 h,
"Escola Sagrada Familia Sant Andreu ""A""",Escola Sagrada Familia Sant Andreu,FUTBOL 5 PREBENJAMÍ MIXT 1ª FASE CEEB,Nivell E,4,FUTBOL 5,PREBENJAMÍ,MIXT,Divendres,19:00 h,
"Escola Thau ""A""",Escola Thau,FUTBOL 5 PREBENJAMÍ MIXT 1ª FASE CEEB,Nivell C,Fora,FUTBOL 5,PREBENJAMÍ,MIXT,Divendres,18:00 h,
"Escola Thau ""B""",Escola Thau,FUTBOL 5 PREBENJAMÍ MIXT 1ª FASE CEEB,Nivell C,Casa,FUTBOL 5,PREBENJAMÍ,MIXT,Divendres,18:00 h,
"The Benjamin Franklin International School ""A""",The Benjamin Franklin International School,FUTBOL 5 PREBENJAMÍ MIXT 1ª FASE CEEB,Nivell E,3,FUTBOL 5,PREBENJAMÍ,MIXT,Dijous,19:00 h,
Escola Grevol,Escola Grevol,FUTBOL 5 PREBENJAMÍ MIXT 1ª FASE CEEB,Nivell C,7,FUTBOL 5,PREBENJAMÍ,MIXT,Divendres,18:00 h,
"Escola Els Llorers (AE L'Eixample) ""A""",Escola Els Llorers (AE L'Eixample),FUTBOL 5 PREBENJAMÍ MIXT 1ª FASE CEEB,Nivell D,2,FUTBOL 5,PREBENJAMÍ,MIXT,Divendres,18:00 h,
"Centre d'Estudis Montseny (FPC CET 10) ""A""",Centre d'Estudis Montseny (FPC CET 10),FUTBOL 5 PREBENJAMÍ MIXT 1ª FASE CEEB,Nivell C,1,FUTBOL 5,PREBENJAMÍ,MIXT,Divendres,18:00 h,
"AMPA Escola Mestre Enric Gibert i Camins ""E""",AMPA Escola Mestre Enric Gibert i Camins,FUTBOL 5 PREBENJAMÍ MIXT 1ª FASE CEEB,Nivell E,Fora,FUTBOL 5,PREBENJAMÍ,MIXT,Divendres,18:00 h,
"Fundació Escola Teresianes Ganduxer ""A""",Fundació Escola Teresianes Ganduxer,FUTBOL 5 PREBENJAMÍ MIXT 1ª FASE CEEB,Nivell C,7,FUTBOL 5,PREBENJAMÍ,MIXT,Divendres,18:15 h,
"OAK House British School ""A""",OAK House British School,FUTBOL 5 PREINFANTIL FEMENÍ 1ª FASE CEEB,Nivell D,1,FUTBOL 5,PREINFANTIL,FEMENÍ,Divendres,19:00 h,LLIGA DELS DIVENDRES
"AI Estel Vallseca ""A""",AI Estel Vallseca,FUTBOL 5 PREINFANTIL FEMENÍ 1ª FASE CEEB,Nivell E,3,FUTBOL 5,PREINFANTIL,FEMENÍ,Divendres,19:15 h,
"ACE Sansur ""A""",ACE Sansur,FUTBOL 5 PREINFANTIL FEMENÍ 1ª FASE CEEB,Nivell C,Casa,FUTBOL 5,PREINFANTIL,FEMENÍ,Dissabte,11:45 h,
Galí Bellesguard (AE L'Eixample),Galí Bellesguard (AE L'Eixample),FUTBOL 5 PREINFANTIL FEMENÍ 1ª FASE CEEB,Nivell C,5,FUTBOL 5,PREINFANTIL,FEMENÍ,Divendres,18:00 h,
"Escola de Futbol Sala APC Raval (AECV) ""A""",Escola de Futbol Sala APC Raval (AECV),FUTBOL 5 PREINFANTIL FEMENÍ 1ª FASE CEEB,Nivell D,5,FUTBOL 5,PREINFANTIL,FEMENÍ,Dissabte,09:00 h,
"Club Esportiu Fabra i Coats ""B""",Club Esportiu Fabra i Coats,FUTBOL 5 PREINFANTIL FEMENÍ 1ª FASE CEEB,Nivell C,7,FUTBOL 5,PREINFANTIL,FEMENÍ,Dissabte,12:30 h,
"Club Esportiu Fabra i Coats ""A""",Club Esportiu Fabra i Coats,FUTBOL 5 PREINFANTIL FEMENÍ 1ª FASE CEEB,Nivell C,3,FUTBOL 5,PREINFANTIL,FEMENÍ,Dissabte,10:00 h,
"Club Futbol Sala Palmasec 2021 ""A""",Club Futbol Sala Palmasec 2021,FUTBOL 5 PREINFANTIL FEMENÍ 1ª FASE CEEB,Nivell E,Fora,FUTBOL 5,PREINFANTIL,FEMENÍ,Divendres,18:00 h,
Associació Can Baró Cultural,Associació Can Baró Cultural,FUTBOL 5 PREINFANTIL FEMENÍ 1ª FASE CEEB,Nivell E,Casa,FUTBOL 5,PREINFANTIL,FEMENÍ,Divendres,19:00 h,
"Escola de Futbol Sala APC Raval (AECV) ""A""",Escola de Futbol Sala APC Raval (AECV),FUTBOL 5 PREINFANTIL MIXT 1ª FASE CEEB,Nivell B,5,FUTBOL 5,PREINFANTIL,MIXT,Divendres,18:00 h,
EE Pegaso-Viana,7 d'Aventura,FUTBOL 5 PREINFANTIL MIXT 1ª FASE CEEB,Nivell E,5,FUTBOL 5,PREINFANTIL,MIXT,Divendres,19:00 h,
EE Pegaso-Viana ''B'',7 d'Aventura,FUTBOL 5 PREINFANTIL MIXT 1ª FASE CEEB,Nivell E,5,FUTBOL 5,PREINFANTIL,MIXT,Dissabte,09:00 h,
"Club Esportiu Fabra i Coats ""D""",Club Esportiu Fabra i Coats,FUTBOL 5 PREINFANTIL MIXT 1ª FASE CEEB,Nivell C,3,FUTBOL 5,PREINFANTIL,MIXT,Divendres,20:00 h,
"Club Esportiu Fabra i Coats ""C""",Club Esportiu Fabra i Coats,FUTBOL 5 PREINFANTIL MIXT 1ª FASE CEEB,Nivell C,7,FUTBOL 5,PREINFANTIL,MIXT,Dissabte,09:30 h,
"Escola Brasil (FPC CET 10) ""A""",Escola Brasil (FPC CET 10),FUTBOL 5 PREINFANTIL MIXT 1ª FASE CEEB,Nivell C,Fora,FUTBOL 5,PREINFANTIL,MIXT,Divendres,18:00 h,
"Escola Garbí ""A""",Escola Garbí,FUTBOL 5 PREINFANTIL MIXT 1ª FASE CEEB,Nivell C,Fora,FUTBOL 5,PREINFANTIL,MIXT,Divendres,18:00 h,
"Club Esportiu Fabra i Coats ""A""",Club Esportiu Fabra i Coats,FUTBOL 5 PREINFANTIL MIXT 1ª FASE CEEB,Nivell C,3,FUTBOL 5,PREINFANTIL,MIXT,Dissabte,09:30 h,
"Club Esportiu Fabra i Coats ""B""",Club Esportiu Fabra i Coats,FUTBOL 5 PREINFANTIL MIXT 1ª FASE CEEB,Nivell C,3,FUTBOL 5,PREINFANTIL,MIXT,Dissabte,10:30 h,
"Escola Frederic Mistral-Tècnic Eulàlia (Sarrià) ""A""",Escola Frederic Mistral-Tècnic Eulàlia (Sarrià),FUTBOL 5 PREINFANTIL MIXT 1ª FASE CEEB,Nivell C,2,FUTBOL 5,PREINFANTIL,MIXT,Divendres,18:00 h,
"Dominiques Barcelona ""A""",Dominiques Barcelona,FUTBOL 5 PREINFANTIL MIXT 1ª FASE CEEB,Nivell D,Fora,FUTBOL 5,PREINFANTIL,MIXT,Divendres,19:00 h,
"Escola Bac de Roda (7 d'Aventura) ""A""",Escola Bac de Roda (7 d'Aventura),FUTBOL 5 PREINFANTIL MIXT 1ª FASE CEEB,Nivell D,5,FUTBOL 5,PREINFANTIL,MIXT,Divendres,19:00 h,
"Escola Proa ""A""",Escola Proa,FUTBOL 5 PREINFANTIL MIXT 1ª FASE CEEB,Nivell E,5,FUTBOL 5,PREINFANTIL,MIXT,Divendres,19:00 h,
Associació Can Baró Cultural,Associació Can Baró Cultural,FUTBOL 5 PREINFANTIL MIXT 1ª FASE CEEB,,,FUTBOL 5,PREINFANTIL,MIXT,Divendres,20:00 h,
Escola Pia Sant Miquel,Escola Pia Sant Miquel,FUTBOL 5 PREINFANTIL MIXT 1ª FASE CEEB,Nivell C,1,FUTBOL 5,PREINFANTIL,MIXT,Divendres,20:00 h,
Artós Sports Club (FPC CET 10),Artós Sports Club (FPC CET 10),FUTBOL 5 PREINFANTIL MIXT 1ª FASE CEEB,Nivell C,1,FUTBOL 5,PREINFANTIL,MIXT,Dissabte,12:00 h,
"ACE Sansur ""A""",ACE Sansur,FUTBOL 5 PREINFANTIL MIXT 1ª FASE CEEB,Nivell A,Casa,FUTBOL 5,PREINFANTIL,MIXT,Dissabte,18:30 h,
"Institut Ernest Lluch (AE L'Eixample) ""A""",Institut Ernest Lluch (AE L'Eixample),FUTBOL 5 PREINFANTIL MIXT 1ª FASE CEEB,Nivell C,4,FUTBOL 5,PREINFANTIL,MIXT,Divendres,19:00 h,
"Lycée Français de Gavà (Bon Soleil) ""A""",Lycée Français de Gavà (Bon Soleil),FUTBOL 5 PREINFANTIL MIXT 1ª FASE CEEB,Nivell B,Casa,FUTBOL 5,PREINFANTIL,MIXT,Dissabte,09:00 h,
CE Vincit-Provençalenc A,CE Vincit-Provençalenc,FUTBOL 5 PREINFANTIL MIXT 1ª FASE CEEB,Nivell D,Casa,FUTBOL 5,PREINFANTIL,MIXT,Divendres,19:00 h,
"Institut Caterina Albert (FPC CET 10) ""A""",Institut Caterina Albert (FPC CET 10),FUTBOL 5 PREINFANTIL MIXT 1ª FASE CEEB,Nivell E,Casa,FUTBOL 5,PREINFANTIL,MIXT,Divendres,18:00 h,
"Pam Roig (FPC CET 10) ""A""",Pam Roig (FPC CET 10),FUTBOL 5 PREINFANTIL MIXT 1ª FASE CEEB,Nivell E,Casa,FUTBOL 5,PREINFANTIL,MIXT,Divendres,18:00 h,
"Sant Peter´s School ""C""",Sant Peter´s School,FUTBOL 5 PREINFANTIL MIXT 1ª FASE CEEB,Nivell C,Fora,FUTBOL 5,PREINFANTIL,MIXT,Divendres,19:00 h,
"Escola Virolai ""A""",Escola Virolai,FUTBOL 5 PREINFANTIL MIXT 1ª FASE CEEB,Nivell E,3,FUTBOL 5,PREINFANTIL,MIXT,Divendres,18:00 h,
"Artós Sports Club (FPC CET 10) ""A""",Artós Sports Club (FPC CET 10),FUTBOL 5 PREINFANTIL MIXT 1ª FASE CEEB,Nivell C,5,FUTBOL 5,PREINFANTIL,MIXT,Divendres,19:45 h,LLIGA DIVENDRES
"Club Esportiu Jesús Maria ""A""",Club Esportiu Jesús Maria,FUTBOL 5 PREINFANTIL MIXT 1ª FASE CEEB,Nivell C,3,FUTBOL 5,PREINFANTIL,MIXT,Divendres,19:00 h,
Galí Bellesguard (AE L'Eixample),Galí Bellesguard (AE L'Eixample),FUTBOL 5 PREINFANTIL MIXT 1ª FASE CEEB,Nivell D,1,FUTBOL 5,PREINFANTIL,MIXT,Divendres,19:00 h,
"Escola de Futbol Sala Sant Marc de Sarrià ""A""",Escola de Futbol Sala Sant Marc de Sarrià,FUTBOL 5 PREINFANTIL MIXT 1ª FASE CEEB,Nivell E,Casa,FUTBOL 5,PREINFANTIL,MIXT,Divendres,20:00 h,por favor que nos pongan colegios los mas cercanos posibles
"The Benjamin Franklin International School ""A""",The Benjamin Franklin International School,FUTBOL 5 PREINFANTIL MIXT 1ª FASE CEEB,Nivell E,3,FUTBOL 5,PREINFANTIL,MIXT,Dissabte,09:00 h,
"Kinobs Sports SLU ""A""",Kinobs Sports SLU,FUTBOL 5 PREINFANTIL MIXT 1ª FASE CEEB,Nivell E,7,FUTBOL 5,PREINFANTIL,MIXT,Divendres,18:00 h,
"Escola Thau ""A""",Escola Thau,FUTBOL 5 PREINFANTIL MIXT 1ª FASE CEEB,Nivell C,Casa,FUTBOL 5,PREINFANTIL,MIXT,Divendres,19:00 h,
"Escola Thau ""B""",Escola Thau,FUTBOL 5 PREINFANTIL MIXT 1ª FASE CEEB,Nivell C,Fora,FUTBOL 5,PREINFANTIL,MIXT,Divendres,19:00 h,
Immaculada Concepció d'Horta - Futsal Dante,Immaculada Concepció d'Horta - Futsal Dante,FUTBOL 5 PREINFANTIL MIXT 1ª FASE CEEB,Nivell D,Fora,FUTBOL 5,PREINFANTIL,MIXT,Dissabte,12:00 h,
Associacio Esportiva de Gracia,Associacio Esportiva de Gracia,FUTBOL 5 PREINFANTIL MIXT 1ª FASE CEEB,Nivell B,2,FUTBOL 5,PREINFANTIL,MIXT,Divendres,20:15 h,
"Fundació Escola Teresianes Ganduxer ""A""",Fundació Escola Teresianes Ganduxer,FUTBOL 5 PREINFANTIL MIXT 1ª FASE CEEB,Nivell C,3,FUTBOL 5,PREINFANTIL,MIXT,Divendres,18:15 h,
